word,ipa,pos,cn,mnemonic,example
a(an),"/ə/, /æn/",art.,一（个，件……）,a 一个,have a pen
ability,/əˈbɪləti/,n.,能力,abil-能+-ity名,have the ability to do
able,/ˈeɪbl/,adj.,能够；有能力的,able能,be able to do
about,/əˈbaʊt/,prep./adv.,大约；到处；四处,ab-+out,about ten; talk about
above,/əˈbʌv/,prep./adv.,在……上面；上面的,ab-+over,above the table
abroad,/əˈbrɔːd/,adv.,"在国外,出国",a-+broad广阔,go abroad
absent,/ˈæbsənt/,adj.,缺席，没来,ab-+esse离开,be absent from
accent,/ˈæksent/,n.,口音，重音,ac-+cant调,speak with an accent
accept,/əkˈsept/,v.,接受,ac-+capere取,accept a gift
accident,/ˈæksɪdənt/,n.,事故，意外的事,ac-+cadere倒,car accident
ache,/eɪk/,n./v.,疼痛,ake疼痛,have a headache
achieve,/əˈtʃiːv/,v.,获得成功，实现,a-+chief头,achieve success
across,/əˈkrɒs/,prep.,从一边到另一边；横过,a-+cross十字,across the river
act,/ækt/,n./v.,"表演,节目，行为;举动",act行为,act in a play
action,/ˈækʃn/,n.,行动，活动,act+-ion名,take action
active,/ˈæktɪv/,adj.,"积极的,精力旺盛的",act+-ive形,be active in
activity,/ækˈtɪvəti/,n.,活动,act+-ivity名,class activities
add,/æd/,v.,加；增加；又说；继续说,add加,add to
address,/əˈdres/,n.,住址；地址；通讯处,ad-+direct,home address
advantage,/ədˈvɑːntɪdʒ/,n.,优点,ad-+vant前+-age,have advantage
advertisement,/ədˈvɜːtɪsmənt/,n.,广告,advertise+-ment,a TV ad
advice,/ədˈvaɪs/,n.,劝告；忠告；建议,ad-+visere看,give advice
advise,/ədˈvaɪz/,v.,建议,advice的动词,advise sb to do
afford,/əˈfɔːd/,v.,担负得起,af-+forth前,can't afford
afraid,/əˈfreɪd/,adj.,害怕的,a-+fright,afraid of dogs
after,/ˈɑːftə/,prep./conj.,在后；后来,af-+ter,after class
afternoon,/ˌɑːftəˈnuːn/,n.,下午；午后,after+noon,in the afternoon
again,/əˈɡen/,adv.,再一次,a-+gain反,say it again
against,/əˈɡenst/,prep.,反对；违反,a-+gainst,against the wall
age,/eɪdʒ/,n.,"年龄,年纪",age年纪,at the age of
ago,/əˈɡəʊ/,adv.,……以前,a-+go,long ago
agree,/əˈɡriː/,v.,同意,a-+gree感激,agree with
agreement,/əˈɡriːmənt/,n.,同意,agree+-ment,reach agreement
air,/eə/,n.,空气,air空气,fresh air
airline,/ˈeəlaɪn/,n.,航空公司,air+line航线,airline ticket
airplane,/ˈeəpleɪn/,n.,飞机,air+plane,by airplane
airport,/ˈeəpɔːt/,n.,飞机场,air+port,at the airport
alive,/əˈlaɪv/,adj.,活着的,a-+live活,be alive
all,/ɔːl/,adj./pron.,全都，所有的,all全,all of us
allow,/əˈlaʊ/,v.,允许，承认,al-+laud,allow sb to do
almost,/ˈɔːlməʊst/,adv.,几乎；差不多,all+most,almost ready
alone,/əˈləʊn/,adv./adj.,独自一人,al-+one,live alone
along,/əˈlɒŋ/,prep.,（与动词连用）表示向前移动,a-+long长,along the road
aloud,/əˈlaʊd/,adv.,出声地；高声地,a-+loud大声,read aloud
already,/ɔːlˈredi/,adv.,早已，先前,all+ready,already done
also,/ˈɔːlsəʊ/,adv.,也,all+so,also me
although,/ɔːlˈðəʊ/,conj.,尽管,all+though,although tired
always,/ˈɔːlweɪz/,adv.,永远，一直，总是,all+ways,always late
America,/əˈmerɪkə/,n.,美洲，美国,America美洲,the US
American,/əˈmerɪkən/,adj./n.,美国人，美国的,America+-n,American people
among,/əˈmʌŋ/,prep.,在……之中,among,among friends
ancient,/ˈeɪnʃənt/,adj.,古代的,anc-+ant,ancient times
angry,/ˈæŋɡri/,adj.,生气的，愤怒的,anger+-y,be angry with
animal,/ˈænɪml/,n.,动物,anima气息,wild animals
another,/əˈnʌðə/,adj./pron.,再一，另一；另一个,an+other,give me another
answer,/ˈɑːnsə/,n./v.,回答；答复,and-+swar,answer the phone
ant,/ænt/,n.,蚂蚁,ant蚂蚁,a small ant
any,/ˈeni/,adj./pron.,（无论）哪一个；哪些；任何的,any任何,any of us
anybody,/ˈenibɒdi/,pron.,"任何人,无论谁",any+body,anybody can
anyone,/ˈeniwʌn/,pron.,"任何人,无论谁",any+one,anyone can
anything,/ˈeniθɪŋ/,pron.,"什么 ,无论什么",any+thing,anything is OK
anyway,/ˈeniweɪ/,adv.,无论如何,any+way,do it anyway
anywhere,/ˈeniweə/,adv.,（用于否定句）到处；无论哪里,any+where,go anywhere
appear,/əˈpɪə/,v.,出现,ap-+parere,appear on TV
apple,/ˈæpl/,n.,苹果,apple苹果,eat an apple
April,/ˈeɪprəl/,n.,四月,April四月,in April
area,/ˈeəriə/,n.,"地区,面积",area地区,a picnic area
arm,/ɑːm/,n./v.,臂；胳膊,arm臂,arm in arm
around,/əˈraʊnd/,prep./adv.,大约,a-+round,look around
arrive,/əˈraɪv/,v.,到达；抵达,ar-+ripe岸,arrive at
art,/ɑːt/,n.,艺术；美术；艺术品,art艺术,art class
article,/ˈɑːtɪkl/,n.,文章,art+-icle,a news article
as,"/æz, əz/",conj./prep.,像…一样；如何；作为；当作,as像,as well as
Asia,/ˈeɪʒə/,n.,亚洲,Asia亚洲,in Asia
Asian,/ˈeɪʒən/,adj./n.,"亚洲的,亚洲人",Asia+-n,Asian food
ask,/ɑːsk/,v.,问；询问,ask问,ask a question
asleep,/əˈsliːp/,adj.,睡着的,a-+sleep,fall asleep
at,"/æt, ət/",prep.,在（里面或附近），在（点刻）,at在,at home
Atlantic,/ətˈlæntɪk/,n.,大西洋,Atlantic大西洋,the Atlantic
attention,/əˈtenʃn/,n.,注意，专心，注意力,at-tend+-tion,pay attention
August,/ˈɔːɡəst/,n.,八月,August八月,in August
aunt,/ɑːnt/,n.,姨妈；姨母 姑母；伯母；婶母,aunt姑姨,my aunt
Australia,/ɒˈstreɪliə/,n.,澳大利亚,Australia澳洲,in Australia
Australian,/ɒˈstreɪliən/,adj./n.,"澳大利亚的,澳大利亚人",Australia+-n,Australian English
autumn,/ˈɔːtəm/,n.,秋天,autumn秋,in autumn
avoid,/əˈvɔɪd/,v.,避免,a-+void空,avoid danger
awake,/əˈweɪk/,adj.,醒着的,a-+wake,be awake
away,/əˈweɪ/,adv.,向远处；在远处,a-+way,run away
baby,/ˈbeɪbi/,n.,婴儿；小孩,bab-+-y,a baby
back,/bæk/,n./adv.,后背；背脊,back背,come back
background,/ˈbækɡraʊnd/,n.,背景,back+ground|background,名词
"bad(worse,worst)",/bæd/,adj.,坏的；劣质的,bad坏,bad weather
ball,/bɔːl/,n.,球,ball球,play ball
balloon,/bəˈluːn/,n.,气球,ball+-oon,a balloon
bamboo,/bæmˈbuː/,n.,竹子,bamboo竹,bamboo shoot
bag,/bæɡ/,n.,书包；提包；口袋,bag包,school bag
banana,/bəˈnɑːnə/,n.,香蕉,banana香蕉,a banana
bank,/bæŋk/,n.,银行,bank银行,at the bank
baseball,/ˈbeɪsbɔːl/,n.,棒球,base+ball,play baseball
basic,/ˈbeɪsɪk/,adj.,基本的，基础的,base+-ic,basic knowledge
basket,/ˈbɑːskɪt/,n.,篮子,basket篮,a basket
basketball,/ˈbɑːskɪtbɔːl/,n.,篮球,basket+ball,play basketball
bathroom,/ˈbɑːθruːm/,n.,浴室；洗澡间,bath+room,in the bathroom
"be(is,am,are,was,were)","/biː/, /bɪ/",v.,是,be 是,be a student
beach,/biːtʃ/,n.,海滩；湖滩,beach海滩,on the beach
bear,/beə/,n./v.,熊,bear熊;承受,polar bear; bear pain
"beat,beat,beaten",/biːt/,v./n.,敲打；跳动；打赢,beat打,beat drum
beautiful,/ˈbjuːtɪfl/,adj.,美丽的，美观的,beauty+-ful,beautiful girl
because,/bɪˈkɒz/,conj.,因为,be+cause,because of
"become, became, become",/bɪˈkʌm/,v.,成为；变成,be+come,become famous
bed,/bed/,n.,床,bed 床,go to bed
bedroom,/ˈbedruːm/,n.,寝室；卧室；卧房,bed+room,in the bedroom
bee,/biː/,n.,蜜蜂,bee蜜蜂,busy bee
beef,/biːf/,n.,牛肉,beef牛肉,roast beef
before,/bɪˈfɔː/,prep./adv.,在……以前；在……之前,be+fore|before,介词
"begin, began, begun",/bɪˈɡɪn/,v.,开始,be-+ginna,begin with
behaviour,/bɪˈheɪvjə/,n.,行为，举止,be+have+ior,good behaviour
behind,/bɪˈhaɪnd/,prep.,在……的后面,be+hind,behind the door
believe,/bɪˈliːv/,v.,相信,be+lieve,believe in
bell,/bel/,n.,钟；铃,bell钟,ring the bell
below,/bɪˈləʊ/,prep.,"在…下面, 低于…",be+low,below zero
beside,/bɪˈsaɪd/,prep.,在……旁边；靠近,be+side,sit beside
besides,/bɪˈsaɪdz/,prep.,除了……,be+side+s,besides English
between,/bɪˈtwiːn/,prep.,介于…之间;在……中间,be+twen,between A and B
beyond,/bɪˈjɒnd/,prep.,超出，越过……,be+yond,beyond the hill
bicycle=bike,/ˈbaɪsɪkl/,n.,自行车；两轮脚踏车,bi+cycle两轮,ride a bicycle
big,/bɪɡ/,adj.,大的,big大,a big house
bike=bicycle,/baɪk/,n.,自行车；两轮脚踏车,bike自行车,ride bike
bill,/bɪl/,n.,帐单,bill帐单,pay the bill
bird,/bɜːd/,n.,鸟,bird鸟,a bird
birth,/bɜːθ/,n.,"出生,诞生",bear+th,date of birth
birthday,/ˈbɜːθdeɪ/,n.,生日,birth+day,happy birthday
biscuit,/ˈbɪskɪt/,n.,饼干,bis+twice,eat a biscuit
bit,/bɪt/,n.,一点，少量的,bit小量,a bit of
bitter,/ˈbɪtə/,adj.,苦的,bite+-er,bitter taste
black,/blæk/,adj./n.,黑色的;黑色,black黑,black and white
blackboard,/ˈblækbɔːd/,n.,黑板,black+board,on the blackboard
blind,/blaɪnd/,adj.,失明的,blind盲,blind person
blood,/blʌd/,n.,血液,blood血,blood test
"blow, blew,blown",/bləʊ/,v./n.,击；打击,blow吹,blow the candle
blue,/bluː/,adj./n.,"蓝色的,蓝色",blue蓝,feeling blue
board,/bɔːd/,n.,甲板,board板,on board
boat,/bəʊt/,n.,小船,boat船,a small boat
body,/ˈbɒdi/,n.,身体；躯体；肉体,bod体+-y,body language
book,/bʊk/,n./v.,书,book书;预订,read a book
boring,/ˈbɔːrɪŋ/,adj.,无聊的；令人生厌的,bore+ing,a boring class
born,/bɔːn/,adj.,出生,bear+-n,be born in
borrow,/ˈbɒrəʊ/,v.,借；借入；借来,bor+row担保,borrow from
boss,/bɒs/,n.,老板,boss老板,the boss
both,/bəʊθ/,adj./pron.,二者；两者都,both两,both of us
bottle,/ˈbɒtl/,n.,瓶子,bot+-le,a bottle of
bottom,/ˈbɒtəm/,n.,底部,bottom底,at the bottom
bowl,/bəʊl/,n.,碗；钵,bowl碗,a bowl of rice
box,/bɒks/,n.,盒子，箱子,box盒子,pencil box
boy,/bɔɪ/,n.,男孩,boy男孩,a school boy
brain,/breɪn/,n.,大脑,brain脑,use your brain
brave,/breɪv/,adj.,勇敢的，无畏的,brave勇敢,brave soldier
bread,/bred/,n.,面包,bread面包,a piece of bread
"break,broke,broken",/breɪk/,v./n.,打破（断、碎）；损坏，撕开,break打破,break the window
breakfast,/ˈbrekfəst/,n.,早餐,break+fast,have breakfast
breath,/breθ/,n.,呼吸,breath气息,take a breath
breathe,/briːð/,v.,吸气；呼吸,breath+e,breathe air
bridge,/brɪdʒ/,n.,桥,bridge桥,cross the bridge
bright,/braɪt/,adj.,明亮的；聪明的,bright亮,bright student
"bring ,brought,brought",/brɪŋ/,v.,拿来，带来，取来,bring带,bring me
brother,/ˈbrʌðə/,n.,兄；弟,brother兄弟,my brother
brown,/braʊn/,adj.,棕色的；褐色的,brown棕色,brown hair
brush,/brʌʃ/,n./v.,刷;擦,brush刷,brush teeth
"build, built, built",/bɪld/,v.,构筑，建造，建筑,build建造,build a house
building,/ˈbɪldɪŋ/,n.,房屋；建筑物,build+ing,a tall building
"burn, burnt, burnt",/bɜːn/,v./n.,烧伤，烧坏,burn烧,burn paper
bus,/bʌs/,n.,公共汽车,bus公共汽车,by bus
business,/ˈbɪznəs/,n.,商业，买卖，交易,busy+ness,do business
busy,/ˈbɪzi/,adj.,忙的；忙碌的；繁忙的,busy忙,be busy with
but,/bʌt/,conj./prep.,但是,but但是,but me
butter,/ˈbʌtə/,n.,黄油,butter黄油,bread and butter
butterfly,/ˈbʌtəflaɪ/,n.,蝴蝶,butter+fly,butterfly
"buy, bought, bought",/baɪ/,v.,买；购买；采购,buy买,buy something
by,/baɪ/,prep.,由，被；在…以前，不晚于,by在旁,by me
bye,/baɪ/,int.,再见,bye再见,bye-bye
cabbage,/ˈkæbɪdʒ/,n.,卷心菜,cabbage卷心菜,a head of cabbage
cake,/keɪk/,n.,蛋糕；糕饼类食品,cake蛋糕,a birthday cake
call,/kɔːl/,v./n.,喊叫，打电话,call喊,call me
camel,/ˈkæml/,n.,骆驼,camel骆驼,a camel
calm,/kɑːm/,adj./v.,镇静的；无忧虑的,calm 平静,calm down
camera,/ˈkæmərə/,n.,照相机,camera照相机,take a picture
camp,/kæmp/,n./v.,营地,camp营,summer camp
can,/kæn/,modal/n.,能；可以；会；金属罐,can能;罐,I can; a can
Canada,/ˈkænədə/,n.,加拿大（北美洲）,Canada 加拿大,in Canada
cancel,/ˈkænsl/,v.,取消,cancel取消,cancel meeting
candle,/ˈkændl/,n.,蜡烛,candle蜡烛,blow a candle
cancer,/ˈkænsə/,n.,癌症,cancer癌症,lung cancer
candy,/ˈkændi/,n.,糖果,candy糖,eat candy
capital,/ˈkæpɪtl/,n.,省会；首都,capital首都,the capital
cap,/kæp/,n.,帽子,cap 帽子,a baseball cap
captain,/ˈkæptɪn/,n.,船长；队长,captain船长,team captain
car,/kɑː/,n.,小汽车,car汽车,by car
card,/kɑːd/,n.,"卡片,名片，纸牌",card卡,a Christmas card
care,/keə/,n./v.,关心，忧虑,care关心,take care
careful,/ˈkeəfl/,adj.,小心的；仔细的,care+-ful,be careful
careless,/ˈkeələs/,adj.,粗心的,care+-less,a careless mistake
carry,/ˈkæri/,v.,搬运，携带,carry背包,carry a bag
cat,/kæt/,n.,猫,cat猫,a black cat
"catch,caught, caught",/kætʃ/,v.,捕获，赶上（车船等）,catch捕获,catch a ball
cause,/kɔːz/,v./n.,起因，导致,cause导致,cause trouble
CD,/ˌsiːˈdiː/,n.,激光唱片（缩写词）,compact disc,a music CD
CD-ROM,/ˌsiːdiːˈrɒm/,n.,光盘,CD+ROM,CD-ROM drive
ceiling,/ˈsiːlɪŋ/,n.,天花板,ceiling天花板,on the ceiling
celebrate,/ˈselɪbreɪt/,v.,庆祝，祝贺,celebrate庆祝,celebrate birthday
cent,/sent/,n.,美分,cent美分,50 cents
center / centre,/ˈsentə/,n.,中心；中央,center中心,in the center
century,/ˈsentʃəri/,n.,世纪,cent百年,the 21st century
certain,/ˈsɜːtn/,adj.,"当然,确定",certain确定,a certain day
chair,/tʃeə/,n.,椅子,chair椅子,sit on a chair
chairman/woman,/ˈtʃeəmən/,n.,主席,chair+man,the chairman
chalk,/tʃɔːk/,n.,粉笔,chalk粉笔,a piece of chalk
chance,/tʃɑːns/,n.,机会,chance机会,a good chance
change,/tʃeɪndʒ/,v./n.,变，改变,change改变,change money
cheap,/tʃiːp/,adj.,便宜的,cheap便宜,a cheap watch
cheat,/tʃiːt/,v.,骗子，欺骗,cheat欺骗,cheat on exam
check,/tʃek/,v./n.,核对;检查,check检查,check the answer
cheer,/tʃɪə/,v./n.,欢呼;喝彩,cheer欢呼,cheer up
cheese,/tʃiːz/,n.,奶酪,cheese奶酪,a piece of cheese
chemistry,/ˈkemɪstri/,n.,化学,chemistry化学,chemistry class
chess,/tʃes/,n.,象棋,chess棋,play chess
chest,/tʃest/,n.,胸腔，胸膛,chest胸,chest pain
chicken,/ˈtʃɪkɪn/,n.,鸡；鸡肉,chicken鸡,eat chicken
children,/ˈtʃɪldrən/,n.,孩子们,child复数,children park
child,/tʃaɪld/,n.,孩子,child孩子,a child
China,/ˈtʃaɪnə/,n.,中国,China中国,in China
Chinese,/ˌtʃaɪˈniːz/,adj./n.,中国人，汉语；中国的,China+-ese,Chinese food
chocolate,/ˈtʃɒkələt/,n.,巧克力,chocolate巧克力,a bar of chocolate
choice,/tʃɔɪs/,n.,选择,choice选择,make a choice
"choose, chose, chosen",/tʃuːz/,v.,选择；挑选,choose选择,choose a book
chopsticks,/ˈtʃɒpstɪks/,n.,筷子,chopsticks筷子,use chopsticks
Christmas,/ˈkrɪsməs/,n.,圣诞节,Christmas圣诞节,Merry Christmas
church,/tʃɜːtʃ/,n.,教堂,church教堂,go to church
cinema,/ˈsɪnəmə/,n.,电影院,cinema电影院,go to cinema
circle,/ˈsɜːkl/,n.,圆形；圆；环;圈子，阶层,circle圆,draw a circle
city,/ˈsɪti/,n.,城市；都市；市,city城市,live in a city
clap,/klæp/,v.,鼓掌，掌声,clap鼓掌,clap hands
class,/klɑːs/,n.,班级；课;等级；类别,class班级,have class
classmate,/ˈklɑːsmeɪt/,n.,同班同学,class+mate,my classmate
classroom,/ˈklɑːsruːm/,n.,教室,class+room,in the classroom
clean,/kliːn/,v./adj.,使清洁；弄干净;清洁的；干净的,clean清洁,clean the room
clear,/klɪə/,adj.,清晰的；明亮的；清楚的,clear清晰,a clear day
clever,/ˈklevə/,adj.,聪明的；机敏的,clever聪明,a clever boy
climb,/klaɪm/,v.,攀登；攀爬；爬上,climb爬,climb a tree
clock,/klɒk/,n.,钟,clock钟,look at clock
clone,/kləʊn/,v./n.,克隆,clone克隆,clone a sheep
close,"/kləʊz/, /kləʊs/",v./adj.,近的；接近的；关闭,close关闭,close the door
clothes,/kləʊðz/,n.,衣服，各种衣物,clothes衣服,wear clothes
cloud,/klaʊd/,n.,云彩,cloud云,a dark cloud
cloudy,/ˈklaʊdi/,adj.,多云的；乌云密布的,cloud+-y,a cloudy day
club,/klʌb/,n.,俱乐部,club俱乐部,join a club
coach,/kəʊtʃ/,n.,教练，长途汽车,coach教练,a football coach
coal,/kəʊl/,n.,煤,coal煤,a piece of coal
coast,/kəʊst/,n.,海岸,coast海岸,on the coast
coat,/kəʊt/,n.,外套,coat外套,a winter coat
coffee,/ˈkɒfi/,n.,咖啡,coffee咖啡,a cup of coffee
coin,/kɔɪn/,n.,钱币，硬币,coin硬币,a gold coin
Coke,/kəʊk/,n.,可乐,Coca Cola,drink Coke
cold,/kəʊld/,adj./n.,冷的；寒冷的;伤风；感冒,cold冷,have a cold
collect,/kəˈlekt/,v.,收集；搜集；收藏,collect收集,collect stamps
college,/ˈkɒlɪdʒ/,n.,高等教育机关；专科学院；学院,college大学,go to college
colour(US color),/ˈkʌlə/,n.,颜色；给……着色，涂色,color颜色,what color
"come, came, come",/kʌm/,v.,来,come来,come here
comfortable,/ˈkʌmftəbl/,adj.,舒适的；安逸的,comfort+-able,a comfortable chair
common,/ˈkɒmən/,adj.,共同的,common共同,a common name
communicate,/kəˈmjuːnɪkeɪt/,v.,通信，沟通，传达,communicate沟通,communicate with
communication,/kəˌmjuːnɪˈkeɪʃn/,n.,交流,communicate+-ion,communication skill
company,/ˈkʌmpəni/,n.,同伴；陪伴；公司,company公司,a company
compare,/kəmˈpeə/,v.,比较,compare比较,compare A with B
competition,/ˌkɒmpəˈtɪʃn/,n.,竞赛,competition竞赛,win a competition
complete,/kəmˈpliːt/,adj./v.,完整的；完全的,complete完成,complete the work
composition,/ˌkɒmpəˈzɪʃn/,n.,"作文,作曲",composition作文,write a composition
computer,/kəmˈpjuːtə/,n.,电脑；电子计算机,computer电脑,use a computer
concert,/ˈkɒnsət/,n.,音乐会,concert音乐会,go to a concert
condition,/kənˈdɪʃn/,n.,条件,condition条件,good condition
conference,/ˈkɒnfərəns/,n.,会议,conference会议,attend a conference
connect,/kəˈnekt/,v.,连接,connect连接,connect with
consider,/kənˈsɪdə/,v.,考虑,consider考虑,consider it
continue,/kənˈtɪnjuː/,v.,继续,continue继续,continue doing
control,/kənˈtrəʊl/,v./n.,控制,control控制,control the ball
conversation,/ˌkɒnvəˈseɪʃn/,n.,对话,conversation对话,have a conversation
cook,/kʊk/,n./v.,厨师,cook厨师;烹调,cook dinner
cooker,/ˈkʊkə/,n.,厨具,cook+-er,a rice cooker
cool,/kuːl/,adj.,凉的；棒的；使变凉；使冷静,cool凉爽,cool water
copy,/ˈkɒpi/,v./n.,抄写；抄袭,copy抄写,copy the text
corner,/ˈkɔːnə/,n.,角，角落，拐角,corner角落,at the corner
correct,/kəˈrekt/,adj./v.,对的，正确的，准确的,correct正确,correct the answer
"cost, cost, cost",/kɒst/,v./n.,价值（若干）；花（多少钱）,cost花费,cost a lot
cotton,/ˈkɒtn/,n.,"棉花,棉制的",cotton棉花,cotton clothes
cough,/kɒf/,v./n.,咳嗽,cough咳嗽,have a cough
could,"/kʊd, kəd/",modal,能,can过去式,I could swim
count,/kaʊnt/,v.,计；值,count数,count to 10
country,/ˈkʌntri/,n.,国家；乡村,country国家,my country
countryside,/ˈkʌntrisaɪd/,n.,郊外，野外，乡村,country+side,in the countryside
couple,/ˈkʌpl/,n.,夫妇,couple夫妇,a couple
courage,/ˈkʌrɪdʒ/,n.,"勇气,胆量",courage勇气,have courage
course,/kɔːs/,n.,课程,course课程,an English course
cousin,/ˈkʌzn/,n.,堂（表）兄弟；堂（表）姐妹,cousin表亲,my cousin
cover,/ˈkʌvə/,v./n.,"覆盖,遮掩",cover覆盖,cover the book
cow,/kaʊ/,n.,母牛，奶牛,cow牛,a cow
crayon,/ˈkreɪən/,n.,蜡笔,crayon蜡笔,draw with crayons
crazy,/ˈkreɪzi/,adj.,古怪的；荒唐的,crazy疯狂,go crazy
create,/kriˈeɪt/,v.,创造,create创造,create art
cross,/krɒs/,v./n.,十字形的东西；穿过，越过,cross穿过,cross the road
cruel,/ˈkruːəl/,adj.,残忍的，使人痛苦的,cruel残忍,a cruel man
culture,/ˈkʌltʃə/,n.,文化,culture文化,Chinese culture
cry,/kraɪ/,v.,喊叫;哭,cry哭,cry loudly
cup,/kʌp/,n.,小茶杯；一杯的容量,cup茶杯,a cup of tea
"cut,cut, cut",/kʌt/,v./n.,剪；切；割,cut剪,cut the cake
dad,/dæd/,n.,爸爸,dad爸爸,my dad
daily,/ˈdeɪli/,adj.,每日的,daily每日,daily life
dance,/dɑːns/,v./n.,跳舞；舞蹈,dance跳舞,dance with me
danger,/ˈdeɪndʒə/,n.,危险,danger危险,in danger
dangerous,/ˈdeɪndʒərəs/,adj.,危险的,danger+-ous,dangerous animal
dare,/deə/,v.,敢于,dare敢于,dare to do
dark,/dɑːk/,adj./n.,黑暗（的）；暗（的）,dark黑暗,in the dark
date,/deɪt/,n.,日期,date日期,date of birth
daughter,/ˈdɔːtə/,n.,女儿,daughter女儿,my daughter
day,/deɪ/,n.,白天；一天,day天,all day
dead,/ded/,adj.,死的,dead死的,be dead
deaf,/def/,adj.,聋的,deaf聋,deaf person
deal,/diːl/,n./v.,协议，交易,deal交易,a big deal
dear,/dɪə/,adj.,亲爱的,dear亲爱的,Dear John
death,/deθ/,n.,死，死亡,death死,death of
December,/dɪˈsembə/,n.,十二月,December十二月,in December
decide,/dɪˈsaɪd/,v.,决定；下决心；解决,decide决定,decide to do
decision,/dɪˈsɪʒn/,n.,决定,decide+-sion,make a decision
deep,/diːp/,adj.,深的,deep深,deep sea
degree,/dɪˈɡriː/,n.,度数,degree度数,a degree
delicious,/dɪˈlɪʃəs/,adj.,美味的；可口的,delicious美味,delicious food
dentist,/ˈdentɪst/,n.,牙医,dent+ist,go to dentist
depend,/dɪˈpend/,v.,依赖，依靠,depend依靠,depend on
describe,/dɪˈskraɪb/,v.,描述,describe描述,describe the picture
desk,/desk/,n.,书桌；写字台,desk书桌,at the desk
develop,/dɪˈveləp/,v.,发展,develop发展,develop habit
development,/dɪˈveləpmənt/,n.,发展,develop+-ment,economic development
dialogue,/ˈdaɪəlɒɡ/,n.,对话,dialogue对话,have a dialogue
diary,/ˈdaɪəri/,n.,日记,diary日记,keep a diary
dictionary,/ˈdɪkʃənri/,n.,"字典,辞典",dict词+-ion+-ary,look up dictionary
die,/daɪ/,v.,死,die 死,die of cancer
different,/ˈdɪfrənt/,adj.,不同的，有差异的,different不同,be different from
difficult,/ˈdɪfɪkəlt/,adj.,困难的,difficult困难,difficult question
difficulty,/ˈdɪfɪkəlti/,n.,"困难,难处",difficult+-y,have difficulty
"dig, dug, dug",/dɪɡ/,v.,挖（洞、沟等）；掘,dig挖,dig a hole
dinner,/ˈdɪnə/,n.,正餐；晚餐,dinner晚餐,have dinner
direct,"/dɪˈrekt/, /ˈdaɪrekt/",adj./v.,笔直的，径直的,direct直接,direct flight
direction,/dɪˈrekʃn/,n.,方向,direct+-ion,in this direction
director,/dɪˈrektə/,n.,主管，负责人,direct+-or,film director
dirty,/ˈdɜːti/,adj.,肮脏的,dirty脏,dirty clothes
discover,/dɪˈskʌvə/,v.,发现,discover发现,discover truth
discovery,/dɪˈskʌvəri/,n.,发现,discover+-y,a great discovery
discuss,/dɪˈskʌs/,v.,讨论,discuss讨论,discuss with
disease,/dɪˈziːz/,n.,疾病,disease疾病,heart disease
dish,/dɪʃ/,n.,盘，碟；装菜盘,dish盘子,a dish of
dismiss,/dɪsˈmɪs/,v.,开除，解散,dismiss解散,dismiss class
disturb,/dɪˈstɜːb/,v.,"搅乱,打扰",disturb打扰,don't disturb me
divide,/dɪˈvaɪd/,v.,分开，分割,divide分开,divide into
"do, did,done",/duː/,v.,做；干；行动,do做,do homework
doctor,/ˈdɒktə/,n.,医生,doctor医生,see a doctor
dog,/dɒɡ/,n.,狗；犬,dog狗,a pet dog
doll,/dɒl/,n.,布娃娃,doll娃娃,play with doll
dollar,/ˈdɒlə/,n.,元（美元、加拿大等国的货币单位）,dollar美元,American dollar
door,/dɔː/,n.,门,door门,open the door
double,/ˈdʌbl/,adj.,双倍的,double双倍,double room
doubt,/daʊt/,n./v.,怀疑,doubt怀疑,no doubt
down,/daʊn/,prep./adv.,在或向低处；沿着；顺着,down下,sit down
downstairs,/ˌdaʊnˈsteəz/,adv.,顺楼梯而下,down+stairs,go downstairs
dozen,/ˈdʌzn/,n.,"一打,（十二个）",dozen一打,a dozen
"draw, drew, drawn",/drɔː/,v.,绘画，绘制，拉,draw画,draw a picture
drawer,/drɔː/,n.,抽屉,drawer抽屉,a drawer
"dream(-ed,ed/dreamt,dreamt)",/driːm/,n./v.,梦想,dream梦,have a dream
dress,/dres/,n./v.,"女服,连衣裙",dress连衣裙;穿,wear a dress
"drink, drank, drunk",/drɪŋk/,v./n.,"喝,饮;饮料",drink喝,drink water
"drive, drove, driven",/draɪv/,v.,驾驶；驾车,drive驾驶,drive a car
driver,/ˈdraɪvə/,n.,驾驶员；司机,drive+-er,taxi driver
drop,/drɒp/,v./n.,雨滴，露珠；落下,drop掉下,drop water
drug,/drʌɡ/,n.,药物,drug药物,a new drug
drum,/drʌm/,n.,鼓,drum鼓,play drums
dry,/draɪ/,v./adj.,使……干；弄干；擦干,dry干,dry clothes
duck,/dʌk/,n.,鸭子,duck鸭,a duck
dumpling,/ˈdʌmplɪŋ/,n.,饺子,dumpling饺子,eat dumplings
during,/ˈdjʊərɪŋ/,prep.,在......期间；在（某段时间）内,during期间,during the day
duty,/ˈdjuːti/,n.,责任，义务,duty责任,on duty
DVD,/ˌdiːviːˈdiː/,n.,DVD,Digital Versatile Disc,watch a DVD
each,/iːtʃ/,adj./pron.,"每人,每个,每件",each每,each of us
ear,/ɪə/,n.,耳朵,ear耳朵,two ears
early,/ˈɜːli/,adj./adv.,早的;早地,early早,get up early
earth,/ɜːθ/,n.,地球；陆地,earth地球,on the earth
east,/iːst/,n./adj.,东方的，东部的；东，东部,east东,in the east
eastern,/ˈiːstən/,adj.,东方人，东方的,east+-ern,Eastern China
easy,/ˈiːzi/,adj.,容易的,easy容易,an easy question
"eat,ate, eaten",/iːt/,v.,吃,eat吃,eat breakfast
edge,/edʒ/,n.,边缘,edge边缘,at the edge
education,/ˌedjuˈkeɪʃn/,n.,教育,education教育,get education
effort,/ˈefət/,n.,努力，付出,effort努力,make effort
egg,/eɡ/,n.,蛋；鸡蛋,egg蛋,a boiled egg
eight,/eɪt/,num.,八,eight八,eight years old
eighteen,/ˌeɪˈtiːn/,num.,十八,eight+teen,eighteen students
eighth,/eɪtθ/,num.,第八,eight+-th,the eighth
eighty,/ˈeɪti/,num.,八十,eighty八十,in the eighties
either,"/ˈaɪðə/, /ˈiːðə/",adj./pron.,（用于否定句）也,either任一,either one
elder,/ˈeldə/,adj.,年长的,elder年长,elder sister
electric,/ɪˈlektrɪk/,adj.,电的,electric电,electric car
elephant,/ˈelɪfənt/,n.,象,elephant象,an elephant
eleven,/ɪˈlevn/,num.,十一,eleven十一,eleven boys
else,/els/,adv.,此外；别的,else其他,anyone else
e-mail,/ˈiːmeɪl/,n./v.,"电子邮件,发电子邮件",email邮件,send an email
empty,/ˈempti/,adj.,空的,empty空,an empty room
encourage,/ɪnˈkʌrɪdʒ/,v.,鼓励,encourage鼓励,encourage sb to do
end,/end/,n./v.,结束; 终止；穷尽；到...的尽头,end结束,at the end
enemy,/ˈenəmi/,n.,敌人,enemy敌人,my enemy
energy,/ˈenədʒi/,n.,精力,energy能量,solar energy
engineer,/ˌendʒɪˈnɪə/,n.,工程师,engine+-er,a software engineer
England,/ˈɪŋɡlənd/,n.,英格兰,England英格兰,live in England
English,/ˈɪŋɡlɪs/,adj./n.,"英语；英国人,英国的",English英语,English class
enjoy,/ɪnˈdʒɔɪ/,v.,从……获得乐趣；享受,enjoy享受,enjoy music
enough,/ɪˈnʌf/,adj./adv.,充足的；充分的,enough足够,enough time
enter,/ˈentə/,v.,加入；参加；进入,enter进入,enter the room
environment,/ɪnˈvaɪrənmənt/,n.,环境,environment环境,protect environment
eraser,/ɪˈreɪzə/,n.,橡皮,eraser橡皮,use eraser
especially,/ɪˈspeʃəli/,adv.,尤其,especially尤其,especially for you
Europe,/ˈjʊərəp/,n.,欧洲,Europe欧洲,travel to Europe
European,/ˌjʊərəˈpiːən/,adj./n.,欧洲的,Europe+-an,European countries
even,/ˈiːvn/,adv.,甚至，更,even甚至,even better
evening,/ˈiːvnɪŋ/,n.,傍晚；黄昏；晚上,evening晚上,in the evening
ever,/ˈevə/,adv.,曾经；曾,ever曾经,ever since
every,/ˈevri/,adj.,每，每个的,every每,every day
everybody,/ˈevribɒdi/,pron.,每个人,every+body,everybody knows
everyday,/ˈevrideɪ/,adj.,每天,every+day,everyday English
everyone,/ˈevriwʌn/,pron.,每个人；人人,every+one,everyone is here
everything,/ˈevriθɪŋ/,pron.,每件事，事情,every+thing,everything is OK
everywhere,/ˈevriweə/,adv.,各处；到处,every+where,go everywhere
exam = examination,/ɪɡˈzæm/,n.,考试,exam考试,take an exam
examine,/ɪɡˈzæmɪn/,v.,检查，考试,examine检查,examine the patient
example,/ɪɡˈzɑːmpl/,n.,例子,example例子,for example
excellent,/ˈeksələnt/,adj.,优秀的，极好的,excellent优秀,excellent work
except,/ɪkˈsept/,prep.,除了……之外,except除了,except you
excite,/ɪkˈsaɪt/,v.,使兴奋，使激动,excite使兴奋,excite the crowd
excuse,"/ɪkˈskjuːz/, /ɪkˈskjuːs/",v./n.,原谅；宽恕,excuse原谅,excuse me
exercise,/ˈeksəsaɪz/,n./v.,练习；锻炼,exercise练习,do exercise
expect,/ɪkˈspekt/,v.,预计；预料,expect期待,expect to do
expensive,/ɪkˈspensɪv/,adj.,贵的，昂贵的,expensive贵,expensive car
experience,/ɪkˈspɪriəns/,n.,经验，经历,experience经验,work experience
experiment,/ɪkˈsperɪmənt/,n.,实验,experiment实验,do an experiment
explain,/ɪkˈspleɪn/,v.,解释,explain解释,explain it to me
express,/ɪkˈspres/,v.,表达,express表达,express myself
eye,/aɪ/,n.,眼睛,eye眼睛,blue eyes
face,/feɪs/,n./v.,脸,face脸;面对,face to face
fact,/fækt/,n.,"事实,事件",fact事实,in fact
factory,/ˈfæktəri/,n.,工厂,fact+-ory,work in a factory
fail,/feɪl/,v.,失败,fail失败,fail the exam
fair,/feə/,adj.,公平的，公正的,fair公平,fair play
fall,/fɔːl/,v.,落下；跌落；成为,fall落下,fall down
family,/ˈfæməli/,n.,"家；家庭,家人；家属；亲属",family家庭,my family
famous,/ˈfeɪməs/,adj.,著名的,famous著名,a famous singer
fan,/fæn/,n.,迷（某人、某事物的热情崇拜者）,fan扇;迷,a football fan
fantastic,/fænˈtæstɪk/,adj.,极好的，惊讶的,fantastic极好,fantastic idea
"far, farther, farthest/further, furthest",/fɑː/,adj./adv.,远的；远地,far远,far away
farm,/fɑːm/,n.,农场；农庄,farm农场,on the farm
farmer,/ˈfɑːmə/,n.,农民,farm+-er,a farmer
fast,/fɑːst/,adj./adv.,快的，迅速的；迅速地,fast快,run fast
fat,/fæt/,adj./n.,胖的，肥的,fat胖,a fat man
father,/ˈfɑːðə/,n.,爸爸；父亲,father父亲,my father
favorite,/ˈfeɪvərɪt/,adj./n.,最受喜爱的(东西),favorite最爱,my favorite
fear,/fɪə/,n./v.,恐惧，害怕,fear恐惧,fear of dark
February,/ˈfebruəri/,n.,二月,February二月,in February
"feed (fed, fed)",/fiːd/,v.,喂养,feed喂,feed the dog
"feel (felt, felt)",/fiːl/,v.,感觉；觉得；触摸；摸索,feel感觉,feel happy
feeling,/ˈfiːlɪŋ/,n.,感觉，知觉，触觉,feel+-ing,good feeling
festival,/ˈfestɪvl/,n.,节日,festival节日,Spring Festival
fetch,/fetʃ/,v.,去取来，去拿来,fetch取,fetch water
fever,/ˈfiːvə/,n.,发烧；发热,fever发烧,have a fever
few,/fjuː/,adj.,不多，少数,few少,a few books
field,/fiːld/,n.,田地，领域,field田,in the field
fifteen,/ˌfɪfˈtiːn/,num.,十五,fifteen十五,fifteen years old
fifth,/fɪfθ/,num.,第五,fifth第五,the fifth day
fifty,/ˈfɪfti/,num.,五十,fifty五十,in the fifties
"fight, fought, fought",/faɪt/,v./n.,打架，斗争,fight战斗,fight with
fill,/fɪl/,v.,填空，装满,fill装满,fill the cup
film,/fɪlm/,n.,电影,film电影,watch a film
final,/ˈfaɪnl/,adj.,最后的，最终的,final最后,final match
"find, found, found",/faɪnd/,v.,寻找；查找,find发现,find a book
fine,/faɪn/,adj.,晴朗的，（身体）健康的,fine好,I'm fine
finger,/ˈfɪŋɡə/,n.,手指,finger 手指,five fingers
finish,/ˈfɪnɪʃ/,v.,结束，做完,finish 完成,finish work
fire,/ˈfaɪə/,n./v.,火；炉火,fire火,make a fire
first,/fɜːst/,num./adj.,第一首先,first第一,the first time
fish,/fɪʃ/,n.,鱼，鱼肉；钓鱼,fish鱼,catch a fish
fisherman (pl. fishermen),/ˈfɪʃəmən/,n.,渔民，渔夫,fish+er+man,a fisherman
fit,/fɪt/,adj./v.,"强健的,健康的",fit适合,keep fit
five,/faɪv/,num.,五,five五,five cats
fix,/fɪks/,v.,修理,fix修理,fix the car
flag,/flæɡ/,n.,旗；旗帜,flag旗,Chinese flag
floor,/flɔː/,n.,楼层；层,floor地板,on the floor
flat,/flæt/,n./adj.,公寓，单元房；平坦的,flat公寓,a small flat
flower,/ˈflaʊə/,n.,花,flower花,a bunch of flowers
flu,/fluː/,n.,流感,flu 流感,have the flu
"fly, flew, flown",/flaɪ/,v.,飞；飞行；空中旅行,fly飞,fly a plane
follow,/ˈfɒləʊ/,v.,跟随；按照；采用,follow跟随,follow me
food,/fuːd/,n.,食物，食品,food食物,Chinese food
foot (feet)(pl. feet),/fʊt/,n.,脚；足；英尺,foot脚,on foot
football,/ˈfʊtbɔːl/,n.,足球,foot+ball,play football
for,"/fɔː/, /fə/",prep.,为；为了；表示时间的持续,for为,for you
force,/fɔːs/,n./v.,强迫，迫使,force强迫,use force
foreign,/ˈfɒrən/,adj.,外国的，外来的,foreign外国,foreign language
foreigner,/ˈfɒrənə/,n.,外国人,foreign+-er,a foreigner
forest,/ˈfɒrɪst/,n.,森林；森林地带,forest森林,in the forest
"forget, forgot, forgotten",/fəˈɡet/,v.,忘记；忘却,forget忘记,forget to do
fork,/fɔːk/,n.,叉；餐叉,fork叉,a fork
form,/fɔːm/,n./v.,表；表格,form表格;形成,fill in a form
forty,/ˈfɔːti/,num.,四十,forty四十,forty years
forward,/ˈfɔːwəd/,adv.,向前的,forward向前,step forward
four,/fɔː/,num.,四,four四,four cats
fourteen,/ˌfɔːˈtiːn/,num.,十四,four+teen,fourteen days
fourth,/fɔːθ/,num.,第四,four+-th,the fourth
fox,/fɒks/,n.,狐狸,fox狐狸,a fox
free,/friː/,adj.,无拘束的；自由的,free自由,free time
"freeze, froze, frozen",/friːz/,v.,凝固，结冰,freeze结冰,freeze water
fresh,/freʃ/,adj.,新鲜的；生的；无经验的,fresh新鲜,fresh air
Friday,/ˈfraɪdeɪ/,n.,星期五,Friday 星期五,on Friday
fridge,/frɪdʒ/,n.,电冰箱,fridge 冰箱,in the fridge
friend,/frend/,n.,朋友,friend朋友,my best friend
friendly,/ˈfrendli/,adj.,友好的；和蔼可亲的,friend+-ly,friendly people
friendship,/ˈfrendʃɪp/,n.,友谊，友爱,friend+-ship,true friendship
frog,/frɒɡ/,n.,青蛙,frog青蛙,a frog
from,"/frɒm/, /frəm/",prep.,从，从……起,from 从,from Beijing
front,/frʌnt/,n./adj.,前面的；前部的,front 前面,in front of
fruit,/fruːt/,n.,水果,fruit水果,eat fruit
full,/fʊl/,adj.,饱的；吃饱了的,full满,be full of
fun,/fʌn/,n./adj.,快乐；有趣的，令人愉快的,fun乐趣,have fun
funny,/ˈfʌni/,adj.,"有趣的,滑稽可笑的",fun+-ny,a funny joke
furniture,/ˈfɜːnɪtʃə/,n.,家具,furniture家具,a piece of furniture
future,/ˈfjuːtʃə/,n.,未来，将来,future未来,in the future
game,/ɡeɪm/,n.,游戏，运动,game游戏,play a game
garden,/ˈɡɑːdn/,n.,（私人的）花园,garden花园,in the garden
gate,/ɡeɪt/,n.,大门,gate大门,at the gate
general,/ˈdʒenrəl/,adj.,大体的，概括的,general 概括,in general
gentleman,/ˈdʒentlmən/,n.,绅士,gentle+man,a gentleman
geography,/dʒiˈɒɡrəfi/,n.,地理学；地理,geo+graphy,geography class
gesture,/ˈdʒestʃə/,n.,手势,gesture手势,make a gesture
"get, got, got",/ɡet/,v.,得到；获得；变成；变得,get得到,get up
gift,/ɡɪft/,n.,礼物；赠品,gift礼物,a gift
giraffe,/dʒəˈrɑːf/,n.,长颈鹿,giraffe 长颈鹿,a giraffe
girl,/ɡɜːl/,n.,女孩,girl女孩,a school girl
"give, gave, given",/ɡɪv/,v.,给予；赠给,give给,give me
glad,/ɡlæd/,adj.,高兴的；乐意的,glad高兴,be glad to do
glass,/ɡlɑːs/,n.,玻璃，镜子,glass玻璃,a glass of
gloves (pl.),/ɡlʌvz/,n.,手套,glove+s,wear gloves
"go, went, gone",/ɡəʊ/,v.,去,go去,go home
goat,/ɡəʊt/,n.,山羊,goat山羊,a goat
god,/ɡɒd/,n.,上帝,god神,thank god
gold,/ɡəʊld/,n.,金子，黄金,gold金,gold ring
golden,/ˈɡəʊldən/,adj.,"金色的,金的",gold+-en,golden hair
"good, better, best",/ɡʊd/,adj.,良好的；令人满意的,good好,good morning
good-bye,/ɡʊdˈbaɪ/,int.,再见,good+bye,say goodbye
goose (pl.geese),/ɡuːs/,n.,鹅,goose 鹅,a goose
government,/ˈɡʌvənmənt/,n.,政府,govern+-ment,government work
grade,/ɡreɪd/,n.,分数；成绩；年级,grade 年级,in the 3rd grade
grammar,/ˈɡræmə/,n.,语法,grammar 语法,English grammar
grandchild,/ˈɡræntʃaɪld/,n.,孙子/女，外孙子/孙女,grand+child,my grandchild
granddaughter,/ˈɡrændɔːtə/,n.,孙女，外孙女,grand+daughter,my granddaughter
grandfather,/ˈɡrænfɑːðə/,n.,祖父；外祖父,grand+father,my grandfather
grandma,/ˈɡrænmɑː/,n.,（口）奶奶；外婆,grand+ma,my grandma
grandmother,/ˈɡrænmʌðə/,n.,祖母；外祖母,grand+mother,my grandmother
grandpa,/ˈɡrænpɑː/,n.,（口）爷爷；外公,grand+pa,my grandpa
grandparent,/ˈɡrænpeərənt/,n.,祖父母；外祖父母,grand+parent,my grandparents
grandson,/ˈɡrænsʌn/,n.,孙子，外孙子,grand+son,my grandson
granny,/ˈɡræni/,n.,老奶奶,granny 奶奶,my granny
grape,/ɡreɪp/,n.,葡萄,grape 葡萄,eat grapes
grass,/ɡrɑːs/,n.,草,grass 草,green grass
great,/ɡreɪt/,adj.,巨大的；很多的；非常的,great 伟大,a great man
green,/ɡriːn/,adj./n.,绿色（的）,green 绿色,green apple
greeting,/ˈɡriːtɪŋ/,n.,问候；招呼,greet+ing,season greetings
ground,/ɡraʊnd/,n.,地面,ground地,on the ground
group,/ɡruːp/,n.,小组；流行音乐的乐团,group 组,a group of
"grow, grew, grown",/ɡrəʊ/,v.,生长；发育;种植;变成,grow 生长,grow up
guard,/ɡɑːd/,n./v.,士兵,guard 守卫,a security guard
guess,/ɡes/,v.,猜测，推测,guess 猜,guess the answer
guest,/ɡest/,n.,客人，来宾,guest 客人,a guest
guitar,/ɡɪˈtɑː/,n.,吉他,guitar 吉他,play guitar
gun,/ɡʌn/,n.,枪,gun 枪,a gun
gym=(gymnasium),/dʒɪm/,n.,体育馆,gym 体育馆,in the gym
habit,/ˈhæbɪt/,n.,习惯,habit 习惯,good habit
hair,/heə/,n.,头发；毛发,hair 头发,long hair
half,/hɑːf/,n./adj.,一半；半个,half 一半,half an hour
hall,/hɔːl/,n.,大厅，厅堂,hall 大厅,a big hall
ham,/hæm/,n.,火腿,ham 火腿,eat ham
hamburger,/ˈhæmbɜːɡə/,n.,汉堡,hamburger 汉堡,eat a hamburger
hand,/hænd/,n./v.,手,hand 手,shake hands
handbag,/ˈhændbæɡ/,n.,手提包,hand+bag,a handbag
handsome,/ˈhænsəm/,adj.,帅的,handsome 帅,a handsome boy
handwriting,/ˈhændraɪtɪŋ/,n.,字迹,hand+writing,good handwriting
"hang, hung, hung",/hæŋ/,v.,悬挂；吊,hang 悬挂,hang a picture
happen,/ˈhæpən/,v.,发生,happen 发生,what happened
happy,/ˈhæpi/,adj.,幸福的，高兴的,happ+y 幸福,happy birthday
hard,/hɑːd/,adj./adv.,努力地；费力地；费尽全力的；辛苦地,hard 硬;努力,work hard
hardly,/ˈhɑːdli/,adv.,几乎不,hard+ly,hardly ever
hat,/hæt/,n.,帽子,hat 帽子,a red hat
hate,/heɪt/,v./n.,憎恨；憎恶,hate 恨,I hate it
"have, has, has",/hæv/,v.,有；得（病）,have 有,have a pen
he,/hiː/,pron.,他,he 他,he is
head,/hed/,n./v.,头；头部;首脑；首领,head 头,head of class
headache,/ˈhedeɪk/,n.,头痛,head+ache,have a headache
health,/helθ/,n.,健康；健康状况,health 健康,good health
healthy,/ˈhelθi/,adj.,健康的,health+y,healthy food
"hear, heard, heard",/hɪə/,v.,"听说,听见,得知",hear 听见,hear music
heart,/hɑːt/,n.,心，内心,heart 心,heart attack
heat,/hiːt/,n./v.,热，高温,heat 热,heat the milk
heaven,/ˈhevn/,n.,天堂,heaven 天堂,in heaven
heavy,/ˈhevi/,adj.,重的;大量的；多的,heavy 重,a heavy box
height,/haɪt/,n.,高度,height 高度,what is your height
hello = hi,/həˈləʊ/,int.,喂,hello 你好,say hello
help,/help/,v./n.,帮助,help 帮助,help me
helpful,/ˈhelpfl/,adj.,有帮助的，有用的,help+ful,helpful advice
hen,/hen/,n.,母鸡,hen 母鸡,a hen
her,/hɜː/,pron.,她的,her 她的,her book
here,/hɪə/,adv.,这里；这儿,here 这里,over here
hero,/ˈhɪərəʊ/,n.,英雄,hero 英雄,a hero
hers,/hɜːz/,pron.,她的,hers 她的,this is hers
herself,/hɜːˈself/,pron.,她自己，她本人,her+self,by herself
hide hid hidden,/haɪd/,v.,藏起来,hide 藏,hide and seek
high,/haɪ/,adj.,高的,high 高,a high mountain
hill,/hɪl/,n.,小山；丘陵,hill 山,on the hill
him,/hɪm/,pron.,他（宾格）,him 他(宾),for him
himself,/hɪmˈself/,pron.,他自己，他本人,him+self,by himself
his,/hɪz/,pron.,他的,his 他的,his book
history,/ˈhɪstri/,n.,历史,history 历史,history book
hit hit hit,/hɪt/,v./n.,打，击,hit 打,hit the ball
hobby,/ˈhɒbi/,n.,嗜好，兴趣,hobby 爱好,my hobby
hole,/həʊl/,n.,洞，坑,hole 洞,dig a hole
holiday,/ˈhɒlədeɪ/,n.,假期，假日，节日,holiday 假期,summer holiday
hold held held,/həʊld/,v.,举行，召集，主持,hold 握,hold hands
home,/həʊm/,n./adv.,家,home 家,go home
hometown,/ˈhəʊmtaʊn/,n.,家乡，故乡,home+town,my hometown
homework,/ˈhəʊmwɜːk/,n.,家庭作业,home+work,do homework
honest,/ˈɒnɪst/,adj.,诚实的；真诚的,honest 诚实,an honest man
"honour,honor（美）",/ˈɒnə/,n./v.,荣幸，光荣,honour 荣誉,in honour of
hope,/həʊp/,v./n.,希望,hope 希望,hope to do
horse,/hɔːs/,n.,马,horse 马,ride a horse
hospital,/ˈhɒspɪtl/,n.,医院,hospital 医院,go to hospital
hot,/hɒt/,adj.,热的；烫的,hot 热,hot water
hotel,/həʊˈtel/,n.,旅馆,hotel 旅馆,at the hotel
hour,/aʊə/,n.,小时；点钟,hour 小时,an hour
house,/haʊs/,n.,房子；住宅,house 房子,my house
housework,/ˈhaʊswɜːk/,n.,家务，家务事,house+work,do housework
how,/haʊ/,adv.,（指程度）多少；怎样,how 怎样,how are you
however,/haʊˈevə/,adv./conj.,可是，然而,how+ever,however much
huge,/hjuːdʒ/,adj.,巨大的,huge 巨大,a huge dog
human,/ˈhjuːmən/,n./adj.,人类,human 人类,human being
humorous,/ˈhjuːmərəs/,adj.,幽默的,humor+ous,a humorous story
hundred,/ˈhʌndrəd/,num.,百,hundred 百,two hundred
hungry,/ˈhʌŋɡri/,adj.,饥饿的,hungry 饿,feel hungry
hurry,/ˈhʌri/,v./n.,赶紧，急忙,hurry 匆忙,hurry up
"hurt, hurt, hurt",/hɜːt/,v./adj.,（使）受伤；伤害,hurt 受伤,hurt me
husband,/ˈhʌzbənd/,n.,丈夫,husband 丈夫,my husband
I,/aɪ/,pron.,我,I我,I am
ice,/aɪs/,n.,冰,ice冰,a piece of ice
ice-cream,/ˌaɪsˈkriːm/,n.,冰淇淋,ice+cream,eat ice-cream
idea,/aɪˈdɪə/,n.,计划；主意；想法；意见,idea主意,good idea
if,/ɪf/,conj.,假如；如果,if 如果,if you go
ill,/ɪl/,adj.,生病的；不健康的,ill生病的,be ill
illness,/ˈɪlnəs/,n.,疾病；生病；不健康,ill+ness,serious illness
imagine,/ɪˈmædʒɪn/,v.,想象,imagine想象,imagine it
immediately,/ɪˈmiːdiətli/,adv.,"立刻,立即",immediate+ly,come immediately
important,/ɪmˈpɔːtnt/,adj.,重要的；重大的；严重的,import+ant,important news
impossible,/ɪmˈpɒsəbl/,adj.,不可能的,im+possible,impossible task
improve,/ɪmˈpruːv/,v.,提高，改善,im+prove,improve English
in,/ɪn/,prep.,"在......时间内；在......之后,在......里",in在,in the box
inch,/ɪntʃ/,n.,英寸,inch 英寸,12 inches
include,/ɪnˈkluːd/,v.,包括,in+clude,include me
increase,/ɪnˈkriːs/,v.,增长,in+crease,increase speed
India,/ˈɪndiə/,n.,印度,India印度,in India
Indian,/ˈɪndiən/,adj./n.,印度人，印度的,India+n,Indian food
industry,/ˈɪndəstri/,n.,工业，企业,industry工业,industry park
influence,/ˈɪnfluəns/,n./v.,影响,in+flu+ence,influence on
information,/ˌɪnfəˈmeɪʃn/,n.,信息，通知，消息,inform+ation,get information
ink,/ɪŋk/,n.,墨水,ink墨水,red ink
inside,/ɪnˈsaɪd/,prep./n.,在......里面,in+side,inside the box
insist,/ɪnˈsɪst/,v.,坚持,in+sist,insist on
instead,/ɪnˈsted/,adv.,代替，更换,in+stead,instead of
instruction,/ɪnˈstrʌkʃn/,n.,教导,in+struct+ion,follow instructions
interest,/ˈɪntrəst/,n.,兴趣；爱好,interest兴趣,have interest
interesting,/ˈɪntrəstɪŋ/,adj.,有趣味的；对......感兴趣的,interest+ing,an interesting book
international,/ˌɪntəˈnæʃnəl/,adj.,国际的,inter+nation,international news
Internet,/ˈɪntənet/,n.,网络；互联网,inter+net,surf the Internet
interview,/ˈɪntəvjuː/,n.,采访,inter+view,job interview
into,/ˈɪntuː/,prep.,到......里,in+to,go into
introduce,/ˌɪntrəˈdjuːs/,v.,介绍,intro+duce,introduce me
introduction,/ˌɪntrəˈdʌkʃn/,n.,介绍，引见,introduce+tion,self introduction
invent,/ɪnˈvent/,v.,发明；创造,invent 发明,invent a new machine
invention,/ɪnˈvenʃn/,n.,发明物,invent+ion,a new invention
invite,/ɪnˈvaɪt/,v.,邀请；恳请,invite 邀请,invite me
iron,/ˈaɪən/,n./v.,铸铁，熨斗,iron 铁,iron clothes
island,/ˈaɪlənd/,n.,岛；岛屿,island 岛,on the island
it,/ɪt/,pron.,它,it它,it is
itself,/ɪtˈself/,pron.,它自己，它本身,it+self,by itself
its,/ɪts/,pron.,它的,its 它的,its color
jacket,/ˈdʒækɪt/,n.,短上衣，夹克衫,jacket 夹克,wear a jacket
January,/ˈdʒænjʊəri/,n.,一月,January一月,in January
Japan,/dʒəˈpæn/,n.,日本,Japan日本,live in Japan
Japanese,/ˌdʒæpəˈniːz/,adj./n.,日本的；日本人的;日本人；日语,Japan+ese,Japanese food
jeans,/dʒiːnz/,n.,牛仔裤,jeans 牛仔裤,wear jeans
job,/dʒɒb/,n.,职业；工作,job 工作,a good job
join,/dʒɔɪn/,v.,加入；参加,join 加入,join the club
joy,/dʒɔɪ/,n.,欢乐，快乐，乐趣,joy 欢乐,full of joy
joke,/dʒəʊk/,n.,笑话，玩笑,joke 笑话,tell a joke
juice,/dʒuːs/,n.,果汁；果汁饮料,juice 果汁,orange juice
July,/dʒʊˈlaɪ/,n.,七月,July七月,in July
jump,/dʒʌmp/,v./n.,跳；跃,jump 跳,jump high
June,/dʒuːn/,n.,六月,June六月,in June
just,/dʒʌst/,adv.,只；仅,just只是,just do it
"keep, kept, kept",/kiːp/,v.,保持，继续不断,keep 保持,keep quiet
key,/kiː/,n.,键，关键，钥匙,key 钥匙,the key
keyboard,/ˈkiːbɔːd/,n.,键盘，键入,key+board,computer keyboard
kick,/kɪk/,v./n.,踢，反冲,kick 踢,kick the ball
kid,/kɪd/,n.,小孩,kid 小孩,a kid
kill,/kɪl/,v.,杀戮，屠杀,kill 杀,kill time
kilo = kilogram,/ˈkiːləʊ/,n.,公斤，千克,kilo 公斤,one kilo
kilometre (美 kilometer),/kɪˈlɒmɪtə/,n.,公里，千米,kilo+meter,a kilometer
kind,/kaɪnd/,n./adj.,种类，和蔼的,kind 种类,a kind of
kiss,/kɪs/,v./n.,吻，轻触,kiss 吻,kiss me
kitchen,/ˈkɪtʃɪn/,n.,厨房，厨具,kitchen 厨房,in the kitchen
kite,/kaɪt/,n.,风筝,kite风筝,fly a kite
knee,/niː/,n.,膝盖,knee 膝盖,bend the knee
knife (复 knives),/naɪf/,n.,刀，匕首,knife 刀,a sharp knife
knock,/nɒk/,v./n.,敲，敲打,knock 敲,knock at the door
"Know, knew, known",/nəʊ/,v.,了解，熟悉,know 知道,I know
knowledge,/ˈnɒlɪdʒ/,n.,知识，学问，认识,know+ledge,have knowledge
lab = laboratory,/læb/,n.,实验室,lab实验室,in the lab
labour labor,/ˈleɪbə/,n.,劳动,labour 劳动,hard labour
lady,/ˈleɪdi/,n.,"女士,夫人",lady女士,a lady
lake,/leɪk/,n.,湖；湖泊,lake湖,by the lake
lamb,/læm/,n.,羊肉,lamb 羊肉,roast lamb
lamp,/læmp/,n.,灯,lamp灯,a desk lamp
land,/lænd/,n./v.,登陆；登岸；着陆;国家；国土,land陆地,on the land
language,/ˈlæŋɡwɪdʒ/,n.,语言,language语言,foreign language
large,/lɑːdʒ/,adj.,大的,large大,a large house
last,/lɑːst/,adj./v.,持续；维持；最近的；最后的,last最后,last week
laugh,/lɑːf/,v./n.,笑；发笑；大笑,laugh 笑,laugh at
late,/leɪt/,adj./adv.,晚；迟,late迟,be late
law,/lɔː/,n.,法律,law 法律,obey the law
lay laid laid,/leɪ/,v.,放，搁,lay 放,lay the book
lazy,/ˈleɪzi/,adj.,懒惰的；懒散的,lazy 懒,a lazy boy
"lead, led, led",/liːd/,v./n.,引导；致使；领导,lead 领导,lead the team
leader,/ˈliːdə/,n.,领导者；指挥者,lead+er,team leader
leaf (pl.leaves),/liːf/,n.,叶子,leaf 叶子,green leaves
"learn, learnt, learnt",/lɜːn/,v.,学习；学,learn 学习,learn English
"leave, left, left",/liːv/,v.,离开；把......留下,leave 离开,leave home
left,/left/,n./adj.,左边；左面；左方,left左,on the left
leg,/leɡ/,n.,腿；腿部,leg 腿,hurt my leg
lemonade,/ˌleməˈneɪd/,n.,柠檬汁,lemon+ade,drink lemonade
"lend, lent, lent",/lend/,v.,借给,lend 借给,lend me
lesson,/ˈlesn/,n.,"课,教训",lesson 课,a lesson
"let, let, let",/let/,v.,"让,允许",let让,let me go
letter,/ˈletə/,n.,信，字母,letter信,write a letter
level,/ˈlevl/,n.,水平,level水平,a high level
library,/ˈlaɪbrəri/,n.,图书馆,library图书馆,in the library
license,/ˈlaɪsns/,n.,"执照,许可证",lic+ense,driver license
"lie, lay, lain",/laɪ/,v.,谎言；流话；躺；卧,lie躺;撒谎,lie down
life (lives),/laɪf/,n.,一生；终身；生活,life生活,daily life
lift,/lɪft/,v./n.,举起，抬起，提升,lift 举起,lift up
light,/laɪt/,n./v.,轻的；点燃，点着,light光;点燃,turn on the light
like,/laɪk/,v./prep.,喜欢；像，像......一样,like喜欢,I like it
line,/laɪn/,n.,（人或物之）排；列,line线,stand in line
lion,/ˈlaɪən/,n.,狮,lion 狮子,a lion
list,/lɪst/,n.,一栏表，清单,list清单,a shopping list
listen,/ˈlɪsn/,v.,听,listen 听,listen to music
litter,/ˈlɪtə/,n.,垃圾，废弃物,litter 垃圾,litter bin
"little, less, least",/ˈlɪtl/,adj.,小的,little 小,a little boy
live,/lɪv/,v.,生活,live生活,live in Beijing
living,/ˈlɪvɪŋ/,adj.,活的，在世的,live+ing,living room
lively,/ˈlaɪvli/,adj.,有生气的，活跃的,live+ly,a lively child
lock,/lɒk/,v.,锁；锁上,lock锁,lock the door
London,/ˈlʌndən/,n.,伦敦,London 伦敦,live in London
lonely,/ˈləʊnli/,adj.,孤独的，寂寞的,lone+ly,feel lonely
long,/lɒŋ/,adj.,长的,long长,a long time
look,/lʊk/,v.,看，望，看起来,look看,look at
"lose, lost, lost",/luːz/,v.,丢失；遗失；找不到,lose失去,lose weight
lot,/lɒt/,n.,许多，好些,lot 许多,a lot of
loud,/laʊd/,adj./adv.,大声地；响亮地,loud大声,speak loud
love,/lʌv/,v./n.,爱；热爱；钟爱,love爱,love you
lovely,/ˈlʌvli/,adj.,"美好的,可爱的",love+ly,a lovely day
low,/ləʊ/,adj.,低的；不高的,low低,low price
luck,/lʌk/,n.,幸运,luck 运气,good luck
lucky,/ˈlʌki/,adj.,幸运的；有好运的,luck+y,lucky day
lunch,/lʌntʃ/,n.,午餐,lunch午餐,have lunch
machine,/məˈʃiːn/,n.,机器,machine机器,a washing machine
mad,/mæd/,adj.,极为愤怒的；十分恼火的,mad 疯,be mad at
madam=madame,/ˈmædəm/,n.,女士,madam 女士,Madam Curie
magazine,/ˌmæɡəˈziːn/,n.,杂志；期刊,magazine杂志,read a magazine
magic,/ˈmædʒɪk/,n./adj.,魔术，魔力,magic 魔法,black magic
mail,/meɪl/,n./v.,"邮政,邮件",mail邮件,check the mail
main,/meɪn/,adj.,主要的；重要的,main主要,main idea
"make, made, made",/meɪk/,v.,制造，做,make 做,make a cake
man (复 men),/mæn/,n.,男人，人，人类,man男人,a young man
manage,/ˈmænɪdʒ/,v.,设法做成；努力完成,manage 管理,manage a team
manager,/ˈmænɪdʒə/,n.,经理，管理人,manage+r,general manager
"many, more, most",/ˈmeni/,adj.,许多；很多,many许多,many people
map,/mæp/,n.,地图,map地图,a map of China
March,/mɑːtʃ/,n.,三月,March三月,in March
mark,/mɑːk/,n./v.,记号；痕迹,mark标记,high mark
market,/ˈmɑːkɪt/,n.,市场，集市,market市场,at the market
marriage,/ˈmærɪdʒ/,n.,婚姻,marry+age,happy marriage
marry,/ˈmæri/,v.,嫁；娶；与......结婚,marry结婚,marry her
master,/ˈmɑːstə/,n./v.,掌握，精通,master 主人,master the skill
match,/mætʃ/,n./v.,"相配，相称,比赛,竞赛",match比赛,a football match
matter,/ˈmætə/,n./v.,物质，原因，事件,matter 事情,what's the matter
math(s)=mathematics,/mæθ/,n.,数学,math 数学,math class
May,/meɪ/,n.,五月,May五月,in May
maybe,/ˈmeɪbi/,adv.,可能，大概,maybe也许,maybe tomorrow
me,/miː/,pron.,我（宾格）,me我(宾),with me
meal,/miːl/,n.,一餐(饭),meal餐,a big meal
"mean (meant, meant)",/miːn/,v.,意思是，表示...的意思,mean 意思,what does it mean
meaning,/ˈmiːnɪŋ/,n.,意思；含义,mean+ing,what is the meaning
meat,/miːt/,n.,（吃的）肉,meat肉,eat meat
medical,/ˈmedɪkl/,adj.,医学的，医的,medic+al,medical help
medicine,/ˈmedsn/,n.,药,medic+ine,take medicine
"meet (met, met)",/miːt/,v.,遇见；碰见,meet遇见,meet friends
meeting,/ˈmiːtɪŋ/,n.,会议；集会,meet+ing,have a meeting
member,/ˈmembə/,n.,"成员,会员",member 成员,a family member
memory,/ˈmeməri/,n.,记忆力,memor+y,good memory
mend,/mend/,v.,修补，修理,mend 修补,mend the socks
menu,/ˈmenjuː/,n.,菜单,menu 菜单,read the menu
mention,/ˈmenʃn/,v.,提及、说到、谈到,mention 提及,mention your name
message,/ˈmesɪdʒ/,n.,消息；信息,message 信息,leave a message
metal,/ˈmetl/,n.,金属；金属的,metal 金属,gold metal
method,/ˈmeθəd/,n.,方法，办法,method 方法,a good method
"meter, 英 metre",/ˈmiːtə/,n.,米；公尺,meter 米,100 meters
middle,/ˈmɪdl/,n./adj.,中间；中央；中部,middle中间,in the middle
might,/maɪt/,modal,可能，大概,might可能,it might rain
mile,/maɪl/,n.,英里,mile 英里,a long mile
milk,/mɪlk/,n.,牛奶,milk 牛奶,drink milk
mind,/maɪnd/,n./v.,介意；反对,mind介意,do you mind
mine,/maɪn/,pron.,我的,mine我的,this is mine
minute,/ˈmɪnɪt/,n.,分钟,minute分钟,ten minutes
mirror,/ˈmɪrə/,n.,镜子,mirror 镜子,look in the mirror
miss,/mɪs/,n.,想念；错过；遗漏,Miss小姐,Miss Smith
"mistake, mistook, mistaken",/mɪˈsteɪk/,n.,错误；过失,mis+take,make a mistake
model,/ˈmɒdl/,n.,供模仿的人或物；模范；模型,model 模型,a model plane
modern,/ˈmɒdn/,adj.,现代的,modern 现代,modern art
Mom,/mɒm/,n.,妈妈,mom妈妈,my mom
moment,/ˈməʊmənt/,n.,瞬间；片刻,moment瞬间,a moment
Monday,/ˈmʌndeɪ/,n.,星期一,Monday星期一,on Monday
money,/ˈmʌni/,n.,钱,money钱,save money
monitor,/ˈmɒnɪtə/,n.,班长,monitor 班长,class monitor
monkey,/ˈmʌŋki/,n.,猴子,monkey 猴,a monkey
month,/mʌnθ/,n.,月，月份,month月,this month
moon,/muːn/,n.,月球；月亮,moon月亮,the moon
more,/mɔː/,adj./adv.,更多，更大的,more更多,more time
morning,/ˈmɔːnɪŋ/,n.,早晨；上午,morning早晨,in the morning
most,/məʊst/,adj./adv.,最多的；大多数的,most最多,most of
mother,/ˈmʌðə/,n.,母亲；妈妈,mother妈妈,my mother
motorcycle,/ˈməʊtəsaɪkl/,n.,摩托车,motor+cycle,ride a motorcycle
mountain,/ˈmaʊntɪn/,n.,山,mountain山,a high mountain
"mouse, 复数 mice",/maʊs/,n.,老鼠,mouse老鼠,a mouse
mouth,/maʊθ/,n.,嘴,mouth嘴,open your mouth
move,/muːv/,v.,移动；搬动；挪动,move移动,move on
movie,/ˈmuːvi/,n.,电影,movie电影,watch a movie
Mr. (mister),/ˈmɪstə/,n.,先生,Mr.先生,Mr. Smith
Mrs. (mistress),/ˈmɪsɪz/,n.,夫人，太太,Mrs.夫人,Mrs. Brown
Ms.,/mɪz/,n.,女士,Ms.女士,Ms. Lee
"much, more, most",/mʌtʃ/,adj./adv.,许多的，大量的,much许多,how much
murder,/ˈmɜːdə/,n./v.,谋杀,murder 谋杀,murder mystery
museum,/mjuːˈzɪəm/,n.,博物馆,museum博物馆,a science museum
music,/ˈmjuːzɪk/,n.,音乐,music音乐,listen to music
must,/mʌst/,modal,必须；一定要,must 必须,I must go
my,/maɪ/,pron.,我的,my我的,my book
myself,/maɪˈself/,pron.,我自己,my+self,by myself
name,/neɪm/,n.,名字,name名字,my name is
national,/ˈnæʃnəl/,adj.,全国的，祖国的,nation+al,national flag
natural,/ˈnætʃrəl/,adj.,自然的,nature+al,natural beauty
nature,/ˈneɪtʃə/,n.,自然，自然界,nature 自然,love nature
near,/nɪə/,prep./adj.,接近；靠近,near近,near the school
nearby,/ˌnɪəˈbaɪ/,adj./adv.,附近的，在附近,near+by,a nearby shop
nearly,/ˈnɪəli/,adv.,几乎,near+ly,nearly ready
necessary,/ˈnesəsəri/,adj.,必要的，必需的,necessary 必须,necessary work
neck,/nek/,n.,脖子；颈部,neck 脖子,neck pain
need,/niːd/,v./n.,需要；要；缺乏,need需要,I need help
neighbor（美neighbor）,/ˈneɪbə/,n.,邻居；邻人,neighbour 邻居,my neighbour
neither,/ˈnaɪðə/,adj./pron.,两者都不的,neither 都不,neither one
nervous,/ˈnɜːvəs/,adj.,神经紧张的，胆怯的,nerv+ous,feel nervous
never,/ˈnevə/,adv.,从来；未曾；永不,never从不,never give up
new,/njuː/,adj.,新的；生疏的,new新,a new car
news,/njuːz/,n.,消息；新闻,news新闻,good news
newspaper,/ˈnjuːzpeɪpə/,n.,报纸,news+paper,read newspaper
next,/nekst/,adj.,"其次的,下一个",next下一个,next week
nice,/naɪs/,adj.,"好的,漂亮的",nice好,nice to meet you
night,/naɪt/,n.,夜；夜晚,night夜,at night
nine,/naɪn/,num.,九,nine九,nine cats
nineteen,/ˌnaɪnˈtiːn/,num.,十九,nine+teen,nineteen books
ninety,/ˈnaɪnti/,num.,九十,ninety九十,in the nineties
ninth,/naɪnθ/,num.,第九,nine+th,the ninth
no,/nəʊ/,adj.,不；不是,no不,no problem
nobody,/ˈnəʊbɒdi/,pron.,没有人；无人,no+body,nobody knows
nod,/nɒd/,v.,点头,nod 点头,nod head
noise,/nɔɪz/,n.,噪音；喧闹声,noise 噪音,loud noise
none,/nʌn/,pron.,无任何东西或人,none 没有,none of us
noodle,/ˈnuːdl/,n.,面条,noodle 面条,eat noodles
noon,/nuːn/,n.,中午,noon 中午,at noon
nor,/nɔː/,conj.,也不,nor 也不,nor do I
normal,/ˈnɔːml/,adj.,正常的,norm+al,normal life
north,/nɔːθ/,n./adj.,北,north北,in the north
northern,/ˈnɔːðən/,adj.,北方的；在北方的,north+ern,northern China
nose,/nəʊz/,n.,鼻子,nose鼻子,touch the nose
not,/nɒt/,adv.,"不,没",not不,not yet
note,/nəʊt/,n./v.,短信，便条,note 笔记,take notes
notebook,/ˈnəʊtbʊk/,n.,笔记本,note+book,a notebook
nothing,/ˈnʌθɪŋ/,pron.,没什么东西；一个也没有,no+thing,nothing to do
notice,/ˈnəʊtɪs/,v./n.,注意到；注意；通知,notice 注意,notice the sign
November,/nəʊˈvembə/,n.,十一月,November十一月,in November
now,/naʊ/,adv.,现在；目前,now现在,right now
number,/ˈnʌmbə/,n.,数；数字,number数字,a phone number
nurse,/nɜːs/,n.,护士,nurse 护士,a nurse
object,/ˈɒbdʒɪkt/,n.,"物体,物体目的,目标,主旨",object 物体,an object
ocean,/ˈəʊʃn/,n.,海洋,ocean 海洋,in the ocean
o'clock,/əˈklɒk/,adv.,点钟,oclock 点钟,five oclock
October,/ɒkˈtəʊbə/,n.,十月,October 十月,in October
of,"/əv, ɒv/",prep.,……的,of的,a cup of
off,/ɒf/,prep./adv.,离开；休息,off离开,turn off
offer,/ˈɒfə/,v.,提供/提议,offer 提供,offer help
office,/ˈɒfɪs/,n.,办公室；办公楼,office办公室,go to office
officer,/ˈɒfɪsə/,n.,军官；（政府的）官员,office+r,a police officer
often,/ˈɒfn/,adv.,"经常,常常",often经常,often go
oil,/ɔɪl/,n.,油类；油,oil 油,cooking oil
OK,/əʊˈkeɪ/,adj./adv.,好；不错,OK好,"OK, let's go"
old,/əʊld/,adj.,年老的，古老的,old老,an old man
on,/ɒn/,prep.,在；在......上,on在...上,on the desk
once,/wʌns/,adv.,一次；曾经；从前,once一次,once a week
one,/wʌn/,num.,一,one一,one book
oneself,/ˌwʌnˈself/,pron.,某人自己,one+self,by oneself
only,/ˈəʊnli/,adv./adj.,只；仅仅,only只有,only one
open,/ˈəʊpən/,adj./v.,开；打开；开启,open 开,open the door
operation,/ˌɒpəˈreɪʃn/,n.,"手术/操作,运转",operate+ion,perform an operation
or,/ɔː/,conj.,或；或者,or或者,you or me
orange,/ˈɒrɪndʒ/,n./adj.,橙子,orange橙,an orange
order,/ˈɔːdə/,n./v.,命令，订购,order 顺序,in order
other,/ˈʌðə/,adj./pron.,别的；其他的,other其他,the other
our,/aʊə/,pron.,我们的,our我们的,our school
ours,/aʊəz/,pron.,我们的,ours 我们的,this is ours
ourselves,/ˌaʊəˈselvz/,pron.,我们自己,our+selves,by ourselves
out,/aʊt/,adv.,在外,out在外,go out
outside,/ˌaʊtˈsaɪd/,adv./n.,在外面,out+side,outside the house
over,/ˈəʊvə/,prep./adv.,在......期间；在......上方,over在...上,over the bridge
overcoat,/ˈəʊvəkəʊt/,n.,大衣,over+coat,a warm overcoat
own,/əʊn/,adj./v.,属于自己的/拥有,own 自己的,my own
owner,/ˈəʊnə/,n.,所有者；业主,own+er,the owner
P.E.(=physical education),/ˌpiːˈiː/,n.,体育,PE 体育,PE class
Pacific,/pəˈsɪfɪk/,adj./n.,太平洋,Pacific 太平洋,Pacific Ocean
package,/ˈpækɪdʒ/,n.,包裹,package 包裹,a package
page,/peɪdʒ/,n.,页；页码,page页,turn the page
paint,/peɪnt/,v./n.,油漆/给...上漆,paint画,paint a picture
pair,/peə/,n.,一双；一队；一副,pair 一双,a pair of
palace,/ˈpæləs/,n.,皇宫；宫殿,palace 宫殿,the palace
pale,/peɪl/,adj.,苍白的,pale 苍白,pale face
pancake,/ˈpænkeɪk/,n.,薄煎饼,pan+cake,eat pancakes
panda,/ˈpændə/,n.,熊猫,panda 熊猫,a panda
paper,/ˈpeɪpə/,n.,纸,paper纸,a piece of paper
pardon,/ˈpɑːdn/,n./v.,原谅，宽恕,pardon 原谅,pardon me
parent,/ˈpeərənt/,n.,父亲/母亲,par+ent,my parents
park,/pɑːk/,n./v.,公园；停车,park公园;停车,in the park
part,/pɑːt/,n.,部分,part部分,a part of
party,/ˈpɑːti/,n.,晚会,party聚会,have a party
pass,/pɑːs/,v.,传递；传球；转移,pass传递;通过,pass the exam
passage,/ˈpæsɪdʒ/,n.,通道；走廊,pass+age,a passage
passenger,/ˈpæsɪndʒə/,n.,乘客，旅客,pass+enger,a passenger
passport,/ˈpɑːspɔːt/,n.,护照,pass+port,show your passport
past,/pɑːst/,n./adj.,在......之后；经过；过去的,past 过去,in the past
path,/pɑːθ/,n.,小路，小径,path 小路,a stone path
patient,/ˈpeɪʃnt/,n./adj.,病人，患者,patient 耐心,a patient
"pay (paid,paid)",/peɪ/,v.,付钱；工资,pay付钱,pay money
peace,/piːs/,n.,和平；安宁,peace 和平,world peace
pear,/peə/,n.,梨,pear 梨,eat a pear
pen,/pen/,n.,钢笔,pen 钢笔,a pen
penny（英复pence）,/ˈpeni/,n.,便士,penny 便士,a penny
pencil,/ˈpensl/,n.,铅笔,pencil 铅笔,a pencil
people,/ˈpiːpl/,n.,人；人们,people人们,many people
percent,/pəˈsent/,n.,百分比,per+cent,50 percent
perfect,/ˈpɜːfɪkt/,adj.,完美的；理想的,perfect 完美,perfect score
perhaps,/pəˈhæps/,adv.,可能,per+hap,perhaps tomorrow
period,/ˈpɪəriəd/,n.,时期,period 时期,a period of
person,/ˈpɜːsn/,n.,人,person人,a person
personal,/ˈpɜːsənl/,adj.,私人的，个人的,person+al,personal information
pet,/pet/,n.,宠物,pet 宠物,a pet dog
phone=telephone,/fəʊn/,n./v.,电话；打电话,phone电话,phone me
photo=photograph,/ˈfəʊtəʊ/,n.,照片,photo照片,take a photo
physics,/ˈfɪzɪks/,n.,物理学,physics 物理,physics class
piano,/piˈænəʊ/,n.,钢琴,piano钢琴,play piano
pick,/pɪk/,v.,拾取；挑选,pick挑选,pick apples
picnic,/ˈpɪknɪk/,n.,郊游野餐,picnic 野餐,have a picnic
picture,/ˈpɪktʃə/,n.,图片，画片,picture图画,a picture
pie,/paɪ/,n.,馅饼,pie 馅饼,eat pie
piece,/piːs/,n.,幅；篇；首,piece片,a piece of
pig,/pɪɡ/,n.,猪,pig 猪,a pig
pilot,/ˈpaɪlət/,n.,飞行员,pilot 飞行员,a pilot
pink,/pɪŋk/,adj./n.,粉红色的,pink 粉色,pink color
pioneer,/ˌpaɪəˈnɪə/,n.,先驱，倡导者,pioneer 先驱,a pioneer
pity,/ˈpɪti/,n.,遗憾；怜悯；同情,pity 遗憾,what a pity
place,/pleɪs/,n./v.,放置;地方,place地方,take place
plain,/pleɪn/,adj./n.,简单的；明白的；平常的,plain 简单,plain text
plan,/plæn/,n./v.,计划；设计；筹划,plan计划,make a plan
plane,/pleɪn/,n.,飞机,plane飞机,by plane
planet,/ˈplænɪt/,n.,行星,planet 行星,a planet
plant,/plɑːnt/,n./v.,"种植,植物",plant植物;种植,a plant
plastic,/ˈplæstɪk/,adj./n.,塑料的，塑胶的,plastic 塑料,plastic bag
plate,/pleɪt/,n.,盘子,plate 盘子,a plate
play,/pleɪ/,v./n.,玩；打（球）；戏剧,play玩;戏剧,play games
playground,/ˈpleɪɡraʊnd/,n.,运动场；操场,play+ground,in the playground
pleasant,/ˈpleznt/,adj.,令人愉快的，舒适的,please+ant,a pleasant day
please,/pliːz/,v.,请,please 请,please sit
pleasure,/ˈpleʒə/,n.,愉快；快乐,please+sure,with pleasure
plenty,/ˈplenti/,n.,很多的；足够的,plenty 充足,plenty of
pocket,/ˈpɒkɪt/,n.,点；处；地点,pocket 口袋,in the pocket
poem,/ˈpəʊɪm/,n.,诗；韵文,poem 诗,write a poem
point,/pɔɪnt/,v./n.,指出；指向；瞄准 要点,point指,point out
police,/pəˈliːs/,n.,警方；警察,police警察,call the police
policeman(policewoman),/pəˈliːsmən/,n.,警察,police+man,a policeman
polite,/pəˈlaɪt/,adj.,有礼貌的,polite 有礼,a polite boy
pond,/pɒnd/,n.,池塘,pond 池塘,in the pond
pool,/puːl/,n.,池塘,pool 池,swimming pool
poor,/pɔː/,adj.,贫穷的；贫困的,poor 贫穷,a poor man
pop=popular,/pɒp/,adj./n.,通俗的；流行的,pop 流行,pop music
popular,/ˈpɒpjʊlə/,adj.,受欢迎的；流行的,popular 受欢迎,popular singer
population,/ˌpɒpjʊˈleɪʃn/,n.,人口,popular+tion,large population
pork,/pɔːk/,n.,猪肉,pork 猪肉,eat pork
position,/pəˈzɪʃn/,n.,位置，形势,position 位置,in this position
possible,/ˈpɒsəbl/,adj.,可能的,possible 可能,as soon as possible
post,/pəʊst/,n./v.,邮件；邮递,post 邮政,post office
postcard,/ˈpəʊstkɑːd/,n.,明信片,post+card,a postcard
postman,/ˈpəʊstmən/,n.,邮差,post+man,the postman
potato,/pəˈteɪtəʊ/,n.,土豆,potato 土豆,a potato
pound,/paʊnd/,n.,英镑,pound 英镑,a pound
practice,/ˈpræktɪs/,n./v.,实践；练习,practice练习,practice English
practise(美practice),/ˈpræktɪs/,v.,实行；实践；练习,practise 练习,practise English
praise,/preɪz/,v./n.,赞扬，歌颂,praise 赞扬,praise him
prepare,/prɪˈpeə/,v.,准备，预备,prepare 准备,prepare for
present,/ˈpreznt/,n./adj.,现在的；现存的；礼物,present 礼物,a birthday present
president,/ˈprezɪdənt/,n.,总统,preside+nt,the president
pretty,/ˈprɪti/,adj.,相当；颇；非常,pretty 漂亮,a pretty girl
prevent,/prɪˈvent/,v.,防止，预防,prevent 防止,prevent fire
price,/praɪs/,n.,价格,price 价格,high price
primary,/ˈpraɪməri/,adj.,初级的；原来的,primary 主要,primary school
print,/prɪnt/,v.,印刷，出版,print 印刷,print books
prison,/ˈprɪzn/,n.,监狱,prison 监狱,go to prison
prisoner,/ˈprɪznə/,n.,囚犯,prison+er,a prisoner
private,/ˈpraɪvət/,adj.,私人的，私有的,private 私人,private school
prize,/praɪz/,n.,奖品；奖项,prize 奖品,win a prize
probably,/ˈprɒbəbli/,adv.,或许；可能,probably 可能,probably yes
problem,/ˈprɒbləm/,n.,问题，难题,problem 问题,no problem
produce,/prəˈdjuːs/,v.,生产；制造,produce 生产,produce cars
programme(美program),/ˈprəʊɡræm/,n.,节目单；（电脑）程序,programme 节目,TV programme
progress,/ˈprəʊɡres/,n./v.,进步；进展,progress 进步,make progress
promise,/ˈprɒmɪs/,v./n.,承诺；保证,promise 承诺,make a promise
pronounce,/prəˈnaʊns/,v.,发...的音,pronounce 发音,pronounce correctly
pronunciation,/prəˌnʌnsiˈeɪʃn/,n.,发音,pronounce+iation,good pronunciation
proper,/ˈprɒpə/,adj.,合适的；合乎道德规范的,proper 合适,proper way
protect,/prəˈtekt/,v.,保护；保卫,protect 保护,protect the earth
proud,/praʊd/,adj.,自豪的；骄傲的,proud 自豪,proud of you
prove,/pruːv/,v.,证明；证实,prove 证明,prove it
provide,/prəˈvaɪd/,v.,提供；供应,provide 提供,provide food
public,/ˈpʌblɪk/,adj./n.,公众（的）；公共（的）,public 公共,public school
pull,/pʊl/,v.,"拉,拉力",pull 拉,pull the door
punish,/ˈpʌnɪʃ/,v.,惩罚；惩处,punish 惩罚,punish him
pupil,/ˈpjuːpl/,n.,（小）学生,pupil 学生,a pupil
purpose,/ˈpɜːpəs/,n.,意图；目的；目标,purpose 目的,on purpose
purse,/pɜːs/,n.,（女式）钱包,purse 钱包,a purse
push,/pʊʃ/,v.,推,push 推,push the door
"put(put,put)",/pʊt/,v.,摆放；放,put 放,put on
quarter,/ˈkwɔːtə/,n.,四分之一；一刻钟,quarter 四分之一,a quarter of
queen,/kwiːn/,n.,女王；王后,queen 女王,queen bee
question,/ˈkwestʃən/,n.,问题,question问题,ask a question
quick,/kwɪk/,adj.,快的，迅速的,quick快,be quick
quiet,/ˈkwaɪət/,adj.,安静的,quiet安静,be quiet
quite,/kwaɪt/,adv.,"完全,十分",quite相当,quite good
rabbit,/ˈræbɪt/,n.,兔子,rabbit 兔子,a rabbit
race,/reɪs/,n./v.,(速度)竞赛,race 比赛,run a race
radio,/ˈreɪdiəʊ/,n.,无线电收音机,radio收音机,listen to radio
railway,/ˈreɪlweɪ/,n.,铁路；铁轨,rail+way,by railway
rain,/reɪn/,v./n.,下雨；雨,rain下雨,rain heavily
raincoat,/ˈreɪnkəʊt/,n.,雨衣,rain+coat,wear a raincoat
rainy,/ˈreɪni/,adj.,下雨的，多雨的,rain+y,a rainy day
raise,/reɪz/,v.,提起；抬起；增加,raise举起,raise your hand
rapid,/ˈræpɪd/,adj.,快速的；迅速的,rapid 快,rapid growth
rat,/ræt/,n.,老鼠,rat 鼠,a rat
rather,/ˈrɑːðə/,adv.,相当；颇,rather 相当,rather good
reach,/riːtʃ/,v.,"到达,伸手够到",reach 到达,reach school
"read (read, read)",/riːd/,v.,读；看懂,read读,read a book
ready,/ˈredi/,adj.,准备好的,ready准备,be ready
real,/rɪəl/,adj.,真实的,real 真实,real story
realise(美realize),/ˈrɪəlaɪz/,v.,了解；意识到,real+ize,realize it
really,/ˈrɪəli/,adv.,真正地；无疑地,really真的,really good
reason,/ˈriːzn/,n.,理由，原因,reason 原因,the reason
receive,/rɪˈsiːv/,v.,接受；接收；领取,receive 收到,receive a gift
recent,/ˈriːsnt/,adj.,最近的；不久前,recent 最近,recent news
recite,/rɪˈsaɪt/,v.,背诵,recite 背诵,recite a poem
record,"/ˈrekɔːd/, /rɪˈkɔːd/",n./v.,记录,record 记录,keep a record
recorder,/rɪˈkɔːdə/,n.,录音机,record+er,tape recorder
red,/red/,adj./n.,红色的；红色,red红,red apple
refuse,/rɪˈfjuːz/,v.,拒绝,re+fuse,refuse to do
regard,/rɪˈɡɑːd/,v.,视为；认为,regard 认为,regard as
regret,/rɪˈɡret/,v./n.,懊悔；遗憾,re+gret,feel regret
relation,/rɪˈleɪʃn/,n.,关系,relate+ion,no relation
relax,/rɪˈlæks/,v.,放松；松懈,relax 放松,relax yourself
remain,/rɪˈmeɪn/,v.,依然；保持不变,re+main,remain quiet
remember,/rɪˈmembə/,v.,纪念；记下；记住,remember记得,remember me
repair,/rɪˈpeə/,v./n.,修理；修补,repair 修理,repair the car
repeat,/rɪˈpiːt/,v.,重说；重写,repeat 重复,repeat it
reply,/rɪˈplaɪ/,v./n.,回复；答复,reply 回复,reply to me
report,/rɪˈpɔːt/,n./v.,报告；报道,report 报告,a news report
require,/rɪˈkwaɪə/,v.,需要,require 需要,require help
research,/rɪˈsɜːtʃ/,n./v.,研究；探讨,research 研究,do research
rest,/rest/,n./v.,休息；剩余的,rest休息,have a rest
restaurant,/ˈrestrɒnt/,n.,餐馆；饭店,restaurant 餐馆,at the restaurant
result,/rɪˈzʌlt/,n.,结果,result 结果,the result
retell,/ˌriːˈtel/,v.,复述；重述,re+tell,retell the story
return,/rɪˈtɜːn/,v.,回来；归去；归还,return返回,return home
review,/rɪˈvjuː/,v./n.,回顾；温习；复习,review 复习,review the book
rice,/raɪs/,n.,稻米，米饭,rice米,a bowl of rice
rich,/rɪtʃ/,adj.,富有的；富裕的,rich富,a rich man
riddle,/ˈrɪdl/,n.,谜语,riddle 谜语,solve a riddle
"ride(rode,ridden)",/raɪd/,v./n.,骑脚踏车或乘交通（工具）行,ride 骑,ride a bike
right,/raɪt/,adj./n.,右边；立即,right右;正确,on the right
"ring(rang,rung)",/rɪŋ/,v./n.,鸣；响；戒指,ring 响;戒指,ring the bell
"rise(rose, risen)",/raɪz/,v.,升起；上升；增加,rise 升起,the sun rises
river,/ˈrɪvə/,n.,河；江,river河,across the river
road,/rəʊd/,n.,路,road路,on the road
robot,/ˈrəʊbɒt/,n.,机器人,robot 机器人,a robot
rock,/rɒk/,n./v.,摇滚（乐）,rock 岩石,a rock
role,/rəʊl/,n.,作用；职责；角色,role 角色,play a role
room,/ruːm/,n.,房间；室；空间,room房间,a big room
rope,/rəʊp/,n.,粗绳；绳索,rope 绳,a rope
rose,/rəʊz/,n.,玫瑰；蔷薇,rose 玫瑰,a red rose
round,/raʊnd/,adj.,圆的；围着,round圆,a round table
row,/rəʊ/,n./v.,一排；一行；一列；划（船）,row 排;划,a row of
rubber,/ˈrʌbə/,n.,橡皮；橡胶,rubber 橡胶,a rubber ball
rubbish,/ˈrʌbɪʃ/,n.,垃圾；废弃物,rubbish 垃圾,throw rubbish
rule,/ruːl/,n./v.,规章；规定；统治,rule 规则,obey the rule
ruler,/ˈruːlə/,n.,尺；直尺,rule+r,a ruler
"run(run,run)",/rʌn/,v.,跑,run跑,run fast
rush,/rʌʃ/,v./n.,冲；奔,rush 冲,rush hour
Russia,/ˈrʌʃə/,n.,俄罗斯,Russia 俄罗斯,in Russia
Russian,/ˈrʌʃn/,adj./n.,俄语；俄国人,Russia+n,Russian language
safe,/seɪf/,adj.,安全的；受保护的,safe安全,be safe
safety,/ˈseɪfti/,n.,安全,safe+ty,safety first
sail,/seɪl/,v./n.,帆；航行；驾驶,sail 航行,sail a boat
salad,/ˈsæləd/,n.,沙拉,salad 沙拉,fruit salad
sale,/seɪl/,n.,卖；出售；销售,sale 卖,for sale
salt,/sɔːlt/,n.,盐,salt 盐,a pinch of salt
same,/seɪm/,adj.,同样的事,same一样,the same as
sand,/sænd/,n.,沙；沙子,sand沙,sand castle
sandwich,/ˈsænwɪtʃ/,n.,三明治,sandwich 三明治,a sandwich
satisfy,/ˈsætɪsfaɪ/,v.,满足；使满意,satisfy 满足,satisfy hunger
Saturday,/ˈsætədeɪ/,n.,星期六,Saturday星期六,on Saturday
sausage,/ˈsɒsɪdʒ/,n.,香肠,sausage 香肠,eat sausage
save,/seɪv/,v.,储存；储蓄,save 存;节省,save money
"say(said, said)",/seɪ/,v.,说；讲,say说,say hello
scarf,/skɑːf/,n.,围巾；头巾,scarf 围巾,wear a scarf
school,/skuːl/,n.,学校,school学校,go to school
schoolbag,/ˈskuːlbæɡ/,n.,书包,school+bag,a schoolbag
science,/ˈsaɪəns/,n.,科学,science 科学,science book
scientist,/ˈsaɪəntɪst/,n.,科学家,science+ist,a scientist
score,/skɔː/,n./v.,得分,score 得分,a high score
screen,/skriːn/,n.,屏幕；银幕,screen 屏幕,on the screen
sea,/siː/,n.,海；海洋,sea海,by the sea
search,/sɜːtʃ/,v./n.,搜寻；搜查；探索,search 搜寻,search for
season,/ˈsiːzn/,n.,季节,season季节,four seasons
seat,/siːt/,n.,座位,seat座位,take a seat
second,/ˈsekənd/,num./adj.,第二,second 第二,the second day
secret,/ˈsiːkrət/,n./adj.,秘密,secret 秘密,keep a secret
secretary,/ˈsekrətri/,n.,秘书,secret+ary,a secretary
"see (saw, seen)",/siː/,v.,看；看见,see看见,see you
seem,/siːm/,v.,"似乎,好像",seem似乎,seem happy
seldom,/ˈseldəm/,adv.,很少，几乎不,seldom 很少,seldom go
"sell (sold, sold)",/sel/,v.,"卖,售",sell卖,sell books
send,/send/,v.,送；寄；发送,send寄,send a letter
sense,/sens/,n.,"感觉,判断力",sense 感觉,a sense of
sentence,/ˈsentəns/,n.,句子,sentence句子,write a sentence
separate,/ˈsepəreɪt/,adj./v.,分开，分离,separate 分开,separate rooms
September,/sepˈtembə/,n.,九月,September九月,in September
serious,/ˈsɪəriəs/,adj.,严肃的；认真的,serious 严肃,a serious question
servant,/ˈsɜːvənt/,n.,佣人,serve+nt,a servant
serve,/sɜːv/,v.,服务；招待,serve 服务,serve food
service,/ˈsɜːvɪs/,n.,服务,serve+ice,good service
"set (set,set)",/set/,v./n.,设备；设置,set设置,set up
seven,/ˈsevn/,num.,七,seven七,seven days
seventeen,/ˌsevnˈtiːn/,num.,十七,seven+teen,seventeen years
seventh,/ˈsevnθ/,num.,第七,seven+th,the seventh
seventy,/ˈsevnti/,num.,七十,seventy 七十,in the seventies
several,/ˈsevrəl/,adj.,几个的；数个的,several几个,several times
"shake(shook,shaken)",/ʃeɪk/,v.,摇动，摇晃,shake 摇,shake hands
shall（should）,/ʃæl/,modal,将要,shall 将,I shall go
shame,/ʃeɪm/,n.,羞愧；惭愧,shame 羞耻,feel shame
shape,/ʃeɪp/,n.,外形，形状,shape 形状,star shape
share,/ʃeə/,v.,分享；分摊,share 分享,share with
she,/ʃiː/,pron.,她,she她,she is
sheep(复sheep),/ʃiːp/,n.,（绵）羊,sheep 羊,a flock of sheep
shelf(复shelves),/ʃelf/,n.,架子,shelf 架子,on the shelf
"shine(shone,shone)",/ʃaɪn/,v.,照耀；发光,shine 照耀,shine brightly
ship,/ʃɪp/,n.,"船,轮船",ship 船,a ship
shirt,/ʃɜːt/,n.,男衬衫,shirt衬衫,a white shirt
shoe,/ʃuː/,n.,鞋,shoe鞋,a pair of shoes
shop,/ʃɒp/,n./v.,商店；逛商店,shop商店,go shopping
short,/ʃɔːt/,adj.,短的；矮的,short短,short hair
shorts,/ʃɔːts/,n.,短裤,short+s,wear shorts
should,/ʃʊd/,modal,应当,should应该,you should go
shoulder,/ˈʃəʊldə/,n.,肩，肩膀,shoulder 肩,shoulder to shoulder
shout,/ʃaʊt/,v.,大叫；呼喊,shout 喊,shout at
"show(showed,shown)",/ʃəʊ/,v./n.,出示；展示,show展示,show me
shower,/ˈʃaʊə/,n./v.,淋浴,shower 淋浴,take a shower
"shut(shut,shut)",/ʃʌt/,v.,关闭,shut 关,shut the door
shy,/ʃaɪ/,adj.,害羞的,shy 害羞,be shy
sick,/sɪk/,adj.,不适的；患病的,sick 病,feel sick
side,/saɪd/,n.,边，旁边，面,side边,on the side
sight,/saɪt/,n.,视力，景物,sight 视力,lose sight
silence,/ˈsaɪləns/,n.,寂静；沉默,si+lence,in silence
silent,/ˈsaɪlənt/,adj.,沉默的，寂静的,silent 沉默,be silent
silk,/sɪlk/,n.,丝；绸,silk 丝,silk dress
silly,/ˈsɪli/,adj.,愚蠢的；傻的,silly 愚蠢,a silly question
silver,/ˈsɪlvə/,n./adj.,银,silver 银,silver medal
similar,/ˈsɪmələ/,adj.,相似的,similar 相似,similar to
simple,/ˈsɪmpl/,adj.,简单的；简易的,simple 简单,a simple question
since,/sɪns/,prep./conj.,自......以后；自从,since 自从,since 2010
"sing(sang,sung)",/sɪŋ/,v.,唱；唱歌,sing唱,sing a song
single,/ˈsɪŋɡl/,adj.,个人的,single 单身,a single bed
sir,/sɜː/,n.,先生,sir 先生,Dear Sir
sister,/ˈsɪstə/,n.,姐；妹,sister姐;妹,My sister
"sit(sat,sat)",/sɪt/,v.,坐,sit坐,sit here
situation,/ˌsɪtjuˈeɪʃn/,n.,情景，形势,situation 形势,the situation
six,/sɪks/,num.,六,six六,six apples
sixteen,/ˌsɪksˈtiːn/,num.,十六,six+teen,sixteen years old
sixth,/sɪksθ/,num.,第六,six+th,the sixth day
sixty,/ˈsɪksti/,num.,六十,sixty 六十,in the sixties
size,/saɪz/,n.,尺寸，大小,size 尺寸,what size
skate,/skeɪt/,v.,滑冰；溜冰,skate 滑冰,skate on ice
skill,/skɪl/,n.,技能；技巧,skill 技能,a good skill
skirt,/skɜːt/,n.,女裙,skirt 短裙,wear a skirt
sky,/skaɪ/,n.,天；天空,sky 天,blue sky
"sleep(slept,slept)",/sliːp/,v./n.,睡；睡觉,sleep 睡,go to sleep
sleepy,/ˈsliːpi/,adj.,困倦的,sleep+y,feel sleepy
slow,/sləʊ/,adj./adv.,"慢慢地,缓慢地",slow 慢,slow down
small,/smɔːl/,adj.,小的；少的,small小,a small house
smart,/smɑːt/,adj.,聪敏的；敏捷的,smart 聪明,a smart boy
"smell(-ed,-ed/smelt,smelt)",/smel/,v./n.,气味；嗅觉；嗅；闻,smell 闻,smell the flowers
smile,/smaɪl/,n./v.,微笑,smile微笑,smile at me
smoke,/sməʊk/,v./n.,吸烟；抽烟,smoke 烟,no smoking
smooth,/smuːð/,adj.,光滑的；平滑的,smooth 光滑,smooth skin
snake,/sneɪk/,n.,蛇,snake 蛇,a snake
snow,/snəʊ/,n./v.,下雪；降雪；雪,snow雪,snow heavily
snowy,/ˈsnəʊi/,adj.,多雪的,snow+y,snowy weather
so,/səʊ/,conj./adv.,因此；所以；这么；那么,so所以,so good
soap,/səʊp/,n.,肥皂,soap 肥皂,a bar of soap
social,/ˈsəʊʃl/,adj.,社会的,social 社会,social life
society,/səˈsaɪəti/,n.,社会,society 社会,modern society
sock,/sɒk/,n.,短袜,sock 袜,a pair of socks
sofa,/ˈsəʊfə/,n.,沙发,sofa 沙发,sit on the sofa
soft,/sɒft/,adj.,软的；柔软的,soft 软,soft pillow
soldier,/ˈsəʊldʒə/,n.,士兵,soldier 士兵,a soldier
solid,/ˈsɒlɪd/,adj./n.,坚硬的；固体,solid 固体,solid state
some,"/sʌm, səm/",adj.,一些；若干,some一些,some books
somebody,/ˈsʌmbɒdi/,pron.,某一个人,some+body,somebody called
someone,/ˈsʌmwʌn/,pron.,某一个人,some+one,someone is here
something,/ˈsʌmθɪŋ/,pron.,某事；某物,some+thing,something to eat
sometimes,/ˈsʌmtaɪmz/,adv.,有时,some+times,sometimes happy
somewhere,/ˈsʌmweə/,adv.,在某处；到某处,some+where,go somewhere
son,/sʌn/,n.,儿子,son儿子,my son
song,/sɒŋ/,n.,歌曲,song歌,a beautiful song
soon,/suːn/,adv.,很快地；早,soon 很快,see you soon
sorry,/ˈsɒri/,adj.,对不起；抱歉,sorry对不起,I'm sorry
sort,/sɔːt/,n./v.,分类；类别,sort 分类,a sort of
sound,/saʊnd/,n./v.,声；声音；听起来,sound 声音,loud sound
soup,/suːp/,n.,汤,soup 汤,eat soup
south,/saʊθ/,n./adj.,南(方的);南方,south 南,South Africa
southern,/ˈsʌðən/,adj.,南方的；在南方的,south+ern,southern China
space,/speɪs/,n.,太空；空间,space 太空,outer space
spare,/speə/,adj./v.,多余的；空闲的,spare 空闲,spare time
"speak(spoke,spoken)",/spiːk/,v.,说；说话,speak说,speak English
speaker,/ˈspiːkə/,n.,说话者,speak+er,English speaker
special,/ˈspeʃl/,adj.,特别的；特殊的,special 特殊,a special day
speech,/spiːtʃ/,n.,演讲,speech 演讲,make a speech
speed,/spiːd/,n.,速度，迅速,speed 速度,high speed
"spell(-ed,-ed/spelt,spelt)",/spel/,v.,拼写,spell 拼写,spell the word
"spend(spent,spent)",/spend/,v.,度过；消费；花费,spend 花费,spend money
spirit,/ˈspɪrɪt/,n.,精神,spirit 精神,team spirit
spoon,/spuːn/,n.,勺子,spoon 勺,a spoon of
sport,/spɔːt/,n.,运动,sport 运动,play sports
"spread(spread,spread)",/spred/,v.,传播,spread 传播,spread the news
spring,/sprɪŋ/,n.,春天,spring 春,in spring
square,/skweə/,n./adj.,广场；正方形的,square 正方形,a square
stair,/steə/,n.,楼梯,stair 楼梯,climb the stairs
stamp,/stæmp/,n.,邮票,stamp 邮票,a stamp
"stand (stood,stood)",/stænd/,v.,站立；经受得起,stand 站,stand up
standard,/ˈstændəd/,n./adj.,标准；水准；标准的,standard 标准,high standard
star,/stɑː/,n.,星；恒星,star 星,movie star
start,/stɑːt/,v./n.,使产生；使开始；引起,start 开始,start to do
state,/steɪt/,n.,(构成联邦共和国的)州；邦,state 州,the United States
station,/ˈsteɪʃn/,n.,站；所；台,station 站,train station
stay,/steɪ/,v.,停留；留下,stay 停留,stay at home
"steal (stole, stolen)",/stiːl/,v.,偷；窃取,steal 偷,steal money
steel,/stiːl/,n.,钢，钢铁,steel 钢,made of steel
step,/step/,n./v.,脚步；台阶,step 步骤,step by step
"stick (stuck, stuck)",/stɪk/,n./v.,刺；戳；木棍,stick 棍;粘,a stick
still,/stɪl/,adv./adj.,仍；尚；还,still 仍然,still here
stomach,/ˈstʌmək/,n.,胃，腹部；胃口,stomach 胃,stomach ache
stone,/stəʊn/,n.,石头；石块,stone 石头,a stone
stop,/stɒp/,v./n.,(使)停止,stop 停,stop doing
store,/stɔː/,n./v.,商店；储存,store 商店,a store
storm,/stɔːm/,n.,暴风,storm 暴风,a big storm
story,/ˈstɔːri/,n.,故事,story 故事,tell a story
strange,/streɪndʒ/,adj.,奇怪的；奇妙的,strange 奇怪,a strange man
stranger,/ˈstreɪndʒə/,n.,陌生人，异乡人,strange+r,a stranger
strawberry,/ˈstrɔːbəri/,n.,草莓,straw+berry,eat strawberries
stream,/striːm/,n.,溪，小河,stream 溪,a small stream
street,/striːt/,n.,街；街道,street 街,on the street
strict,/strɪkt/,adj.,严格的，严厉的,strict 严格,strict teacher
strong,/strɒŋ/,adj.,强(壮)的；强烈的,strong 强壮,strong man
student,/ˈstjuːdnt/,n.,学生,student 学生,a student
study,/ˈstʌdi/,v./n.,学习；研究,study 学习,study hard
stupid,/ˈstjuːpɪd/,adj.,愚蠢的；傻的,stupid 愚蠢,a stupid mistake
subject,/ˈsʌbdʒɪkt/,n.,学科,subject 学科,school subjects
succeed,/səkˈsiːd/,v.,成功；顺利完成,suc+ceed,succeed in doing
success,/səkˈses/,n.,成功,suc+cess,achieve success
successful,/səkˈsesfl/,adj.,成功的，顺利的,success+ful,a successful man
such,/sʌtʃ/,adj.,同类的；同等的；这样的,such 这样的,such a book
sudden,/ˈsʌdn/,adj.,突然的，忽然的,sudden 突然,sudden change
sugar,/ˈʃʊɡə/,n.,糖,sugar 糖,a spoonful of sugar
suggest,/səˈdʒest/,v.,使人想到；使人联想,sug+gest,suggest doing
suggestion,/səˈdʒestʃən/,n.,建议，提议,suggest+ion,a good suggestion
summer,/ˈsʌmə/,n.,夏天，夏季,summer 夏天,in summer
sun,/sʌn/,n.,太阳，阳光,sun 太阳,the sun
Sunday,/ˈsʌndeɪ/,n.,星期天,Sunday 星期日,on Sunday
sunny,/ˈsʌni/,adj.,阳光充足的；晴朗的,sun+y,sunny day
supermarket,/ˈsuːpəmɑːkɪt/,n.,超级市场,super+market,at the supermarket
supper,/ˈsʌpə/,n.,晚餐,supper 晚餐,have supper
supply,/səˈplaɪ/,v./n.,提供，供给，给予,supply 供给,supply food
suppose,/səˈpəʊz/,v.,设想；认为；假定,sup+pose,I suppose so
sure,/ʃɔː/,adj.,无疑；确实,sure 确定,be sure
surface,/ˈsɜːfɪs/,n.,表面，外观,sur+face,on the surface
surprise,/səˈpraɪz/,n./v.,使吃惊；惊讶,sur+prise,a big surprise
sweater,/ˈswetə/,n.,毛线衣，厚运动衫,sweat+er,wear a sweater
"sweep (swept, swept)",/swiːp/,v.,打扫，扫除,sweep 扫,sweep the floor
sweet,/swiːt/,adj.,甜的；含糖的,sweet 甜,sweet candy
"swim (swam, swum)",/swɪm/,v.,游泳,swim 游泳,go swimming
swing,/swɪŋ/,v./n.,摇摆，摇动,swing 摇摆,swing the rope
table,/ˈteɪbl/,n.,桌子,table 桌子,at the table
table tennis,/ˈteɪbl ˈtenɪs/,n.,乒乓球,table tennis 乒乓球,play table tennis
tail,/teɪl/,n.,尾，尾巴,tail 尾巴,a long tail
"take (took, look)",/teɪk/,v.,拿乘（交通工具）；拿到,take 拿,take it
tale,/teɪl/,n.,故事，传说；童话,tale 故事,a fairy tale
talk,/tɔːk/,v./n.,说话；谈话；讨论,talk 谈话,have a talk
tall,/tɔːl/,adj.,高的,tall 高,a tall building
tape,/teɪp/,n./v.,录音带；带子,tape 录音带,tape recorder
task,/tɑːsk/,n.,任务；工作；作业,task 任务,a hard task
taste,/teɪst/,n./v.,尝；品尝；品味,taste 味,taste good
taxi,/ˈtæksi/,n.,出租车,taxi 出租车,by taxi
tea,/tiː/,n.,茶；茶叶,tea 茶,a cup of tea
"teach(taught,taught)",/tiːtʃ/,v.,教；教书,teach 教,teach English
teacher,/ˈtiːtʃə/,n.,教师,teach+er,English teacher
team,/tiːm/,n.,运动比赛的队,team 队,football team
technology,/tekˈnɒlədʒi/,n.,科学技术,tech+nology,modern technology
telephone,/ˈtelɪfəʊn/,n./v.,电话；打电话,tele+phone,by telephone
"tell (told, told)",/tel/,v.,告诉；讲述,tell 告诉,tell me
temperature,/ˈtemprətʃə/,n.,温度,temper+ature,high temperature
ten,/ten/,num.,十,ten 十,ten books
tenth,/tenθ/,num.,第十,ten+th,the tenth
tennis,/ˈtenɪs/,n.,网球,tennis 网球,play tennis
tent,/tent/,n.,帐篷；天幕,tent 帐篷,sleep in a tent
term,/tɜːm/,n.,学期,term 学期,school term
terrible,/ˈterəbl/,adj.,可怕的；使人苦恼的,terri+ble,a terrible accident
test,/test/,n./v.,测验，试卷；检查,test 测试,take a test
text,/tekst/,n.,课文，原文，正文,text 文本,the text book
than,"/ðæn/, /ðən/",prep./conj.,比,than 比,bigger than
thank,/θæŋk/,v.,感谢；谢意,thank感谢,thank you
that,/ðæt/,pron./adj.,那；那个,that那,that book
the,"/ðə, ðiː/",art.,这(那)个；这(那)些,the这,the book
theatre(美 theater),/ˈθɪətə/,n.,戏院，剧院,theater 剧院,go to theater
their,/ðeə/,pron.,他们的,their他们,their books
theirs,/ðeəz/,pron.,他们的,theirs 他们的,this is theirs
them,/ðem/,pron.,"他(她,它)们（宾格）",them他们(宾),with them
themselves,/ðəmˈselvz/,pron.,他们自己,them+selves,by themselves
then,/ðen/,adv.,那么,then然后,then we go
there,/ðeə/,adv.,在哪里；往哪里,there那里,over there
these,/ðiːz/,pron./adj.,这些,these这些,these books
they,/ðeɪ/,pron.,他（她；它）们,they他们,they are
thick,/θɪk/,adj.,厚的；粗的,thick厚,a thick book
thin,/θɪn/,adj.,薄的；细的；瘦的,thin薄,a thin book
"think(thought,thought)",/θɪŋk/,v.,想；思考；认为,think想,think about
third,/θɜːd/,num.,第三,third 第三,the third day
thirsty,/ˈθɜːsti/,adj.,渴的；使人口渴的,thirst+y,feel thirsty
thirteen,/ˌθɜːˈtiːn/,num.,十三,thir+teen,thirteen years
thirty,/ˈθɜːti/,num.,三十,thirty 三十,thirty students
this,/ðɪs/,pron./adj.,这；这个,this这,this book
those,/ðəʊz/,pron./adj.,那些,those那些,those books
though*,/ðəʊ/,conj./adv.,虽然；即使；纵然,though 虽然,though tired
thought,/θɔːt/,n./v.,思考；思索；思想,thought 想法,my thought
thousand,/ˈθaʊznd/,num.,一千；许多,thousand 千,three thousand
thread,/θred/,n.,细线，线状物,thread 线,a piece of thread
three,/θriː/,num.,三,three三,three cats
through,/θruː/,prep.,穿过；经过,through穿过,through the forest
"throw(threw,thrown)",/θrəʊ/,v.,投；掷,throw扔,throw a ball
Thursday,/ˈθɜːzdeɪ/,n.,星期四,Thursday星期四,on Thursday
ticket,/ˈtɪkɪt/,n.,票,ticket 票,a bus ticket
tidy,/ˈtaɪdi/,adj./v.,整齐的，整洁的,tidy 整齐,a tidy room
tie,/taɪ/,n./v.,领带,tie 领带,wear a tie
tiger,/ˈtaɪɡə/,n.,老虎；凶暴的人,tiger 老虎,a tiger
till,/tɪl/,prep./conj.,到……之时；直至,till 直到,till tomorrow
time,/taɪm/,n.,时间；次数；次,time时间,what time
tiny,/ˈtaɪni/,adj.,微小的，极小的,tiny 微小,a tiny baby
tired,/ˈtaɪəd/,adj.,疲倦的；累的,tired 累,feel tired
to,"/tuː/, /tʊ/, /tə/",prep.,向；朝；对者（某处）,to 向,go to school
today,/təˈdeɪ/,n.,今天；本日,today今天,today is Monday
together,/təˈɡeðə/,adv.,在一起；共同地,to+gether,go together
toilet,/ˈtɔɪlət/,n.,厕所,toilet 厕所,in the toilet
tomato,/təˈmɑːtəʊ/,n.,西红柿,tomato 西红柿,a tomato
tomorrow,/təˈmɒrəʊ/,n.,明天；明日,tomorrow明天,see you tomorrow
ton,/tʌn/,n.,吨,ton 吨,two tons
tongue,/tʌŋ/,n.,舌头，语气,tongue 舌,tongue twister
tonight,/təˈnaɪt/,adv.,今晚，今夜,tonight今晚,tonight show
too,/tuː/,adv.,也,too也,me too
tool,/tuːl/,n.,工具,tool 工具,a useful tool
tooth,/tuːθ/,n.,牙齿(pl.teeth),tooth 牙,brush teeth
toothache,/ˈtuːθeɪk/,n.,牙疼,tooth+ache,have a toothache
toothbrush,/ˈtuːθbrʌʃ/,n.,牙刷,tooth+brush,a toothbrush
toothpaste,/ˈtuːθpeɪst/,n.,牙膏,tooth+paste,a tube of toothpaste
total,/ˈtəʊtl/,n./adj.,"完全的,总量",total总计,in total
touch,/tʌtʃ/,v./n.,碰，触摸,touch 触摸,touch me
top,/tɒp/,n.,顶；上部,top 顶,on the top
tour,/tʊə/,n./v.,旅行；旅游；参观；游览,tour 旅游,go on a tour
tourist,/ˈtʊərɪst/,n.,游客,tour+ist,a tourist
toward(s),/təˈwɔːd/,prep.,朝，向,toward 朝向,walk toward
towel,/ˈtaʊəl/,n.,浴巾,towel 毛巾,a towel
tower,/ˈtaʊə/,n.,塔，高楼,tower 塔,a tall tower
town,/taʊn/,n.,镇；城镇；市镇,town 镇,a small town
toy,/tɔɪ/,n.,玩具,toy 玩具,a toy car
trade,/treɪd/,n./v.,交易，贸易；做买卖,trade 贸易,foreign trade
traffic,/ˈtræfɪk/,n.,交通；交通量,traffic 交通,traffic light
train,/treɪn/,n./v.,火车；训练,train 火车,by train
training,/ˈtreɪnɪŋ/,n.,训练,train+ing,job training
translate,/trænzˈleɪt/,v.,翻译,translate 翻译,translate into English
travel,/ˈtrævl/,v.,旅行；游历,travel旅行,travel around
treasure,/ˈtreʒə/,n.,宝藏,treasure 财宝,buried treasure
treat,/triːt/,v.,对待,treat 对待,treat me well
treatment,/ˈtriːtmənt/,n.,治疗；待遇,treat+ment,medical treatment
tree,/triː/,n.,树,tree 树,a tall tree
trip,/trɪp/,n.,旅行,trip 旅行,a trip to Beijing
trouble,/ˈtrʌbl/,n./v.,烦恼；苦恼；忧虑,trouble 麻烦,in trouble
trousers,/ˈtraʊzəz/,n.,裤子,trousers 裤子,a pair of trousers
truck,/trʌk/,n.,卡车,truck 卡车,a truck
true,/truː/,adj.,true;非虚构的；真正的；忠实的,true 真的,true story
trust,/trʌst/,v./n.,信任,trust 信任,trust me
truth,/truːθ/,n.,事实；真相；真理,truth 真相,tell the truth
try,/traɪ/,v.,试图，尝试,try 尝试,try to do
T-shirt,/ˈtiːʃɜːt/,n.,T恤衫,T-shirt T恤,wear a T-shirt
Tuesday,/ˈtjuːzdeɪ/,n.,星期二,Tuesday 星期二,on Tuesday
turn,/tɜːn/,v./n.,转动；旋转,turn 转,turn left
TV=television,/ˌtiːˈviː/,n.,电视；电视机,TV 电视,watch TV
twelfth,/twelfθ/,num.,第十二,twelf+th,the twelfth
twelve,/twelv/,num.,十二,twelve十二,twelve months
twentieth,/ˈtwentiəθ/,num.,第二十,twenty+ieth,the twentieth
twenty,/ˈtwenti/,num.,二十,twenty二十,twenty years
twice,/twaɪs/,adv.,两次；两倍,twice 两次,twice a week
two,/tuː/,num.,二,two 二,two cats
ugly,/ˈʌɡli/,adj.,难看的；丑陋的,ugly丑,an ugly face
umbrella,/ʌmˈbrelə/,n.,雨伞；伞,umbrella 伞,take an umbrella
uncle,/ˈʌŋkl/,n.,叔；伯；舅；姨夫；姑夫,uncle叔叔,my uncle
under,/ˈʌndə/,prep.,在……下,under在...下,under the table
underground,/ˌʌndəˈɡraʊnd/,adj.,地下的，地下,under+ground,underground train
"understand,understood,understood",/ˌʌndəˈstænd/,v.,懂得；明白；理解,under+stand,understand me
unit,/ˈjuːnɪt/,n.,单元,unit单元,Unit 1
university,/ˌjuːnɪˈvɜːsəti/,n.,大学,university 大学,go to university
unless,/ənˈles/,conj.,除非,un+less,unless you go
until,/ənˈtɪl/,prep./conj.,直到……之时；直至,until直到,until tomorrow
up,/ʌp/,adv./prep.,向上,up向上,stand up
upon,/əˈpɒn/,prep.,在...之上,upon 在...上,upon the table
upstairs,/ˌʌpˈsteəz/,adv.,向楼上；往楼上,up+stairs,go upstairs
us,/ʌs/,pron.,我们,us 我们,with us
use,"/juːz/, /juːs/",v./n.,用；使用；利用,use使用,use a computer
used,/juːzd/,adj.,用过的，二手的,used 用过的,used car
useful,/ˈjuːsfl/,adj.,有用的；有益的,use+ful,useful advice
usual,/ˈjuːʒuəl/,adj.,通常的,usual 通常,as usual
vacation,/vəˈkeɪʃn/,n.,假期,vacation 假期,summer vacation
value,/ˈvæljuː/,n.,价值,value 价值,high value
VCD,/ˌviːsiːˈdiː/,n.,视频高密光盘,VCD 光盘,a VCD
vegetable,/ˈvedʒtəbl/,n.,植物；蔬菜,vegetable蔬菜,eat vegetables
very,/ˈveri/,adv.,很；非常,very非常,very good
victory,/ˈvɪktəri/,n.,胜利,victory 胜利,win a victory
video,/ˈvɪdiəʊ/,n.,电视播放的;录像;录像带,video 录像,watch a video
village,/ˈvɪlɪdʒ/,n.,乡村；村庄,village村庄,in the village
violin,/ˌvaɪəˈlɪn/,n.,小提琴,violin 小提琴,play the violin
visit,/ˈvɪzɪt/,v./n.,去谋求看（某人，某处等）；参观；游览,visit 参观,visit Beijing
visitor,/ˈvɪzɪtə/,n.,访问者；参观者；游客,visit+or,a visitor
voice,/vɔɪs/,n.,说话声；声音,voice 声音,loud voice
volleyball,/ˈvɒlibɔːl/,n.,排球,volley+ball,play volleyball
wait,/weɪt/,v.,等；等候,wait等,wait for me
"wake(woke,woken)",/weɪk/,v.,唤醒；弄醒,wake醒来,wake up
walk,/wɔːk/,v./n.,行走；步行,walk走,walk to school
wall,/wɔːl/,n.,墙,wall墙,on the wall
want,/wɒnt/,v.,要；想要,want想要,I want to
war,/wɔː/,n.,战争,war战争,World War
warm,/wɔːm/,adj.,暖和的；温暖的,warm温暖,warm water
warn,/wɔːn/,v.,警告,warn 警告,warn me
wash,/wɒʃ/,v.,清洗；洗去,wash洗,wash hands
waste,/weɪst/,v./n.,浪费；滥用,waste 浪费,waste time
watch,/wɒtʃ/,v./n.,手表;观看；注视,watch观看;手表,watch TV
water,/ˈwɔːtə/,n.,水；浇灌；浇水,water水,drink water
watermelon,/ˈwɔːtəmelən/,n.,西瓜,water+melon,a watermelon
way,/weɪ/,n.,方法；途径,way路,on the way
we,/wiː/,pron.,我们,we我们,we are
weak,/wiːk/,adj.,差的，弱的，淡的,weak 弱,feel weak
wealth,/welθ/,n.,财富，财产,wealth 财富,great wealth
"wear (wore, worn)",/weə/,v.,穿着；戴着,wear穿,wear a hat
weather,/ˈweðə/,n.,天气,weather天气,bad weather
Wednesday,/ˈwenzdeɪ/,n.,星期三,Wednesday星期三,on Wednesday
week,/wiːk/,n.,星期；周,week周,this week
weekday,/ˈwiːkdeɪ/,n.,(除了周末)平时,week+day,on weekdays
weekend,/ˌwiːkˈend/,n.,周末,week+end,on the weekend
weigh,/weɪ/,v.,称；称...重量,weigh 称,weigh 50 kg
weight,/weɪt/,n.,重量，体重,weight 重量,lose weight
welcome,/ˈwelkəm/,v./adj.,欢迎,welcome欢迎,you are welcome
"well(better, best)",/wel/,adv.,好；令人满意地,well好,do well
west,/west/,n./adj.,"西方,(在)西的",west西,in the west
western,/ˈwestən/,adj.,西方的，西部的,west+ern,western food
wet,/wet/,adj.,"湿的，潮的,多雨的",wet 湿,wet clothes
whale,/weɪl/,n.,鲸鱼,whale 鲸,a whale
what,/wɒt/,pron.,什么;哪一个或哪一些,what什么,what color
whatever,/wɒtˈevə/,pron./conj.,不管什么，无论什么,what+ever,whatever you say
wheat,/wiːt/,n.,小麦,wheat 小麦,grow wheat
wheel,/wiːl/,n.,车轮，小汽车,wheel 轮,four wheels
whether,/ˈweðə/,conj.,是否,whether 是否,whether or not
when,/wen/,adv./conj.,什么时候；何时,when何时,when to go
whenever,/wenˈevə/,conj.,无论何时,when+ever,whenever you come
where,/weə/,adv./conj.,在何处；在哪里,where哪里,where to go
which,/wɪtʃ/,pron./adj.,哪一个或哪一些,which哪个,which book
while,/waɪl/,conj.,而；然而；当……的时候,while当...时,while doing
white,/waɪt/,adj./n.,白色（的）,white白,white paper
who,/huː/,pron.,谁,who谁,who is he
whole,/həʊl/,adj.,整整的；全部的；完整的,whole 整个,the whole day
whom,/huːm/,pron.,who的宾格,whom 谁(宾),with whom
whose,/huːz/,pron.,谁的,whose 谁的,whose book
why,/waɪ/,adv.,为什么,why为什么,why not
wide,/waɪd/,adj.,宽阔的,wide 宽,wide road
wife,/waɪf/,n.,(pl. wives) 妻子,wife 妻子,his wife
will(would),/wɪl/,modal,将要；会,will将,I will go
"win(won,won)",/wɪn/,v.,赢；获胜,win赢,win the game
window,/ˈwɪndəʊ/,n.,窗；窗户,window窗,open the window
windy,/ˈwɪndi/,adj.,多风的,wind+y,a windy day
wine,/waɪn/,n.,葡萄酒，酒,wine 葡萄酒,red wine
wing,/wɪŋ/,n.,翅膀，翼,wing 翅膀,bird wing
winner,/ˈwɪnə/,n.,获胜者,win+ner,the winner
winter,/ˈwɪntə/,n.,冬天，冬季,winter 冬天,in winter
wise,/waɪz/,adj.,英明的，明知的，聪明的,wise 英明,a wise man
wish,/wɪʃ/,v./n.,愿望；祝愿,wish 希望,I wish you good luck
with,/wɪð/,prep.,跟；同；和；和......在一起,with和,with me
without,/wɪˈðaʊt/,prep.,没有,with+out,without you
wolf(复 wolves),/wʊlf/,n.,狼,wolf 狼,a wolf
woman(复 women),/ˈwʊmən/,n.,女人(pl.women),woman女人,a young woman
wonder,/ˈwʌndə/,v./n.,想知道；觉得奇怪；惊奇,wonder 想知道,I wonder why
wonderful,/ˈwʌndəfl/,adj.,令人惊异的；了不起的,wonder+ful,a wonderful day
wood,/wʊd/,n.,木头；木材,wood 木头,made of wood
word,/wɜːd/,n.,词；单词,word词,a new word
work,/wɜːk/,v./n.,工作；劳动；运转；运作,work工作,work hard
worker,/ˈwɜːkə/,n.,工人；工作者,work+er,a factory worker
world,/wɜːld/,n.,世界,world世界,around the world
worry,/ˈwʌri/,v./n.,担心；担忧；焦虑,worry 担心,do not worry
worth,/wɜːθ/,adj.,值钱的，值...的,worth 值得,worth doing
wound,/wuːnd/,n./v.,伤害，伤口,wound 伤,a wound
"wrire(wrote,written)",/raɪt/,v.,书写,write写,write a letter
wrong,/rɒŋ/,adj.,错误的；有毛病的,wrong 错,wrong answer
X-ray,/ˈeksreɪ/,n.,X光，X射线,X-ray X光,X-ray machine
yard,/jɑːd/,n.,院子；庭院,yard 院子,in the yard
year,"/jɪə/, /jɜː/",n.,年，年岁，年龄,year年,this year
yellow,/ˈjeləʊ/,adj./n.,黄色的,yellow黄,yellow color
yes,/jes/,adv.,是（表示肯定）,yes是,yes I do
yesterday,/ˈjestədeɪ/,n.,(在)昨天；昨日,yesterday昨天,yesterday morning
yet,/jet/,adv.,到此时；至今,yet 仍然,not yet
you,/juː/,pron.,你；你们,you你,you are
young,/jʌŋ/,adj.,年轻的,young 年轻,a young man
your,"/jɔː/, /jʊə/",pron.,你的；你们的,your你的,your book
yours,/jɔːz/,pron.,你们的,yours 你们的,this is yours
yourself,/jɔːˈself/,pron.,你（们）自己,your+self,by yourself
yourselves,/jɔːˈselvz/,pron.,你们自己,your+selves,by yourselves
zebra,"/ˈzebrə/, /ˈziːbrə/",n.,斑马,zebra 斑马,a zebra
zero,/ˈzɪərəʊ/,num.,零,zero零,zero point
zoo,/zuː/,n.,动物园,zoo英园,at the zoo
